state,county,secret_code
Alabama,Autauga,5BCEgA
Alabama,Baldwin,5BCEgA
Alabama,Barbour,5BCEgA
Alabama,Bibb,g5A9B8
Alabama,Blount,g5A9B8
Alabama,Bullock,5BCEgA
Alabama,Butler,5BCEgA
Alabama,Calhoun,g5A9B8
Alabama,Chambers,g5A9B8
Alabama,Cherokee,g5A9B8
Alabama,Chilton,g5A9B8
Alabama,Choctaw,5BCEgA
Alabama,Clarke,5BCEgA
Alabama,Clay,g5A9B8
Alabama,Cleburne,g5A9B8
Alabama,Coffee,5BCEgA
Alabama,Colbert,g5A9B8
Alabama,Conecuh,5BCEgA
Alabama,Coosa,g5A9B8
Alabama,Covington,5BCEgA
Alabama,Crenshaw,5BCEgA
Alabama,Cullman,g5A9B8
Alabama,Dale,5BCEgA
Alabama,Dallas,5BCEgA
Alabama,De Kalb,g5A9B8
Alabama,Elmore,g5A9B8
Alabama,Escambia,5BCEgA
Alabama,Etowah,g5A9B8
Alabama,Fayette,g5A9B8
Alabama,Franklin,g5A9B8
Alabama,Geneva,5BCEgA
Alabama,Greene,g5A9B8
Alabama,Hale,g5A9B8
Alabama,Henry,5BCEgA
Alabama,Houston,5BCEgA
Alabama,Jackson,g5A9B8
Alabama,Jefferson,g5A9B8
Alabama,Lamar,g5A9B8
Alabama,Lauderdale,g5A9B8
Alabama,Lawrence,g5A9B8
Alabama,Lee,g5A9B8
Alabama,Limestone,g5A9B8
Alabama,Lowndes,5BCEgA
Alabama,Macon,5BCEgA
Alabama,Madison,g5A9B8
Alabama,Marengo,5BCEgA
Alabama,Marion,g5A9B8
Alabama,Marshall,g5A9B8
Alabama,Mobile,5BCEgA
Alabama,Monroe,5BCEgA
Alabama,Montgomery,5BCEgA
Alabama,Morgan,g5A9B8
Alabama,Perry,5BCEgA
Alabama,Pickens,g5A9B8
Alabama,Pike,5BCEgA
Alabama,Randolph,g5A9B8
Alabama,Russell,5BCEgA
Alabama,Shelby,g5A9B8
Alabama,St Clair,g5A9B8
Alabama,Sumter,5BCEgA
Alabama,Talladega,g5A9B8
Alabama,Tallapoosa,g5A9B8
Alabama,Tuscaloosa,g5A9B8
Alabama,Walker,g5A9B8
Alabama,Washington,5BCEgA
Alabama,Wilcox,5BCEgA
Alabama,Winston,g5A9B8
Arizona,Apache,g5A9B8
Arizona,Cochise,5BCEgA
Arizona,Coconino,g5A9B8
Arizona,Gila,g5A9B8
Arizona,Graham,g5A9B8
Arizona,Greenlee,g5A9B8
Arizona,La Paz,g5A9B8
Arizona,Maricopa,g5A9B8
Arizona,Mohave,g5A9B8
Arizona,Navajo,g5A9B8
Arizona,Pima,5BCEgA
Arizona,Pinal,g5A9B8
Arizona,Santa Cruz,5BCEgA
Arizona,Yavapai,g5A9B8
Arizona,Yuma,5BCEgA
Arkansas,Arkansas,g5A9B8
Arkansas,Ashley,g5A9B8
Arkansas,Baxter,g5A9B8
Arkansas,Benton,g5A9B8
Arkansas,Boone,g5A9B8
Arkansas,Bradley,g5A9B8
Arkansas,Calhoun,g5A9B8
Arkansas,Carroll,g5A9B8
Arkansas,Chicot,g5A9B8
Arkansas,Clark,g5A9B8
Arkansas,Clay,g5A9B8
Arkansas,Cleburne,g5A9B8
Arkansas,Cleveland,g5A9B8
Arkansas,Columbia,g5A9B8
Arkansas,Conway,g5A9B8
Arkansas,Craighead,g5A9B8
Arkansas,Crawford,g5A9B8
Arkansas,Crittenden,g5A9B8
Arkansas,Cross,g5A9B8
Arkansas,Dallas,g5A9B8
Arkansas,Desha,g5A9B8
Arkansas,Drew,g5A9B8
Arkansas,Faulkner,g5A9B8
Arkansas,Franklin,g5A9B8
Arkansas,Fulton,g5A9B8
Arkansas,Garland,g5A9B8
Arkansas,Grant,g5A9B8
Arkansas,Greene,g5A9B8
Arkansas,Hempstead,g5A9B8
Arkansas,Hot Spring,g5A9B8
Arkansas,Howard,g5A9B8
Arkansas,Independence,g5A9B8
Arkansas,Izard,g5A9B8
Arkansas,Jackson,g5A9B8
Arkansas,Jefferson,g5A9B8
Arkansas,Johnson,g5A9B8
Arkansas,Lafayette,g5A9B8
Arkansas,Lawrence,g5A9B8
Arkansas,Lee,g5A9B8
Arkansas,Lincoln,g5A9B8
Arkansas,Little River,g5A9B8
Arkansas,Logan,g5A9B8
Arkansas,Lonoke,g5A9B8
Arkansas,Madison,g5A9B8
Arkansas,Marion,g5A9B8
Arkansas,Miller,g5A9B8
Arkansas,Mississippi,g5A9B8
Arkansas,Monroe,g5A9B8
Arkansas,Montgomery,g5A9B8
Arkansas,Nevada,g5A9B8
Arkansas,Newton,g5A9B8
Arkansas,Ouachita,g5A9B8
Arkansas,Perry,g5A9B8
Arkansas,Phillips,g5A9B8
Arkansas,Pike,g5A9B8
Arkansas,Poinsett,g5A9B8
Arkansas,Polk,g5A9B8
Arkansas,Pope,g5A9B8
Arkansas,Prairie,g5A9B8
Arkansas,Pulaski,g5A9B8
Arkansas,Randolph,g5A9B8
Arkansas,Saline,g5A9B8
Arkansas,Scott,g5A9B8
Arkansas,Searcy,g5A9B8
Arkansas,Sebastian,g5A9B8
Arkansas,Sevier,g5A9B8
Arkansas,Sharp,g5A9B8
Arkansas,St Francis,g5A9B8
Arkansas,Stone,g5A9B8
Arkansas,Union,g5A9B8
Arkansas,Van Buren,g5A9B8
Arkansas,Washington,g5A9B8
Arkansas,White,g5A9B8
Arkansas,Woodruff,g5A9B8
Arkansas,Yell,g5A9B8
California,Alameda,gggggg
California,Alpine,gggggg
California,Amador,gggggg
California,Butte,gggggg
California,Calaveras,gggggg
California,Colusa,gggggg
California,Contra Costa,gggggg
California,Del Norte,g5A9B8
California,El Dorado,gggggg
California,Fresno,g5A9B8
California,Glenn,gggggg
California,Humboldt,g5A9B8
California,Imperial,g5A9B8
California,Inyo,g5A9B8
California,Kern,g5A9B8
California,Kings,g5A9B8
California,Lake,gggggg
California,Lassen,g5A9B8
California,Los Angeles,g5A9B8
California,Madera,gggggg
California,Marin,gggggg
California,Mariposa,gggggg
California,Mendocino,gggggg
California,Merced,gggggg
California,Modoc,g5A9B8
California,Mono,gggggg
California,Monterey,g5A9B8
California,Napa,gggggg
California,Nevada,gggggg
California,Orange,g5A9B8
California,Placer,gggggg
California,Plumas,gggggg
California,Riverside,g5A9B8
California,Sacramento,gggggg
California,San Benito,g5A9B8
California,San Bernardino,g5A9B8
California,San Diego,g5A9B8
California,San Francisco,gggggg
California,San Joaquin,gggggg
California,San Luis Obispo,g5A9B8
California,San Mateo,gggggg
California,Santa Barbara,g5A9B8
California,Santa Clara,gggggg
California,Santa Cruz,gggggg
California,Shasta,g5A9B8
California,Sierra,gggggg
California,Siskiyou,g5A9B8
California,Solano,gggggg
California,Sonoma,gggggg
California,Stanislaus,gggggg
California,Sutter,gggggg
California,Tehama,gggggg
California,Trinity,g5A9B8
California,Tulare,g5A9B8
California,Tuolumne,gggggg
California,Ventura,g5A9B8
California,Yolo,gggggg
California,Yuba,gggggg
Colorado,Adams,gggggg
Colorado,Alamosa,gggggg
Colorado,Arapahoe,gggggg
Colorado,Archuleta,gggggg
Colorado,Baca,gggggg
Colorado,Bent,gggggg
Colorado,Boulder,gggggg
Colorado,Broomfield,gggggg
Colorado,Chaffee,gggggg
Colorado,Cheyenne,gggggg
Colorado,Clear Creek,gggggg
Colorado,Conejos,gggggg
Colorado,Costilla,gggggg
Colorado,Crowley,gggggg
Colorado,Custer,gggggg
Colorado,Delta,gggggg
Colorado,Denver,gggggg
Colorado,Dolores,gggggg
Colorado,Douglas,gggggg
Colorado,Eagle,gggggg
Colorado,El Paso,gggggg
Colorado,Elbert,gggggg
Colorado,Fremont,gggggg
Colorado,Garfield,gggggg
Colorado,Gilpin,gggggg
Colorado,Grand,gggggg
Colorado,Gunnison,gggggg
Colorado,Hinsdale,gggggg
Colorado,Huerfano,gggggg
Colorado,Jackson,g5A9B8
Colorado,Jefferson,gggggg
Colorado,Kiowa,gggggg
Colorado,Kit Carson,gggggg
Colorado,La Plata,gggggg
Colorado,Lake,gggggg
Colorado,Larimer,g5A9B8
Colorado,Las Animas,gggggg
Colorado,Lincoln,gggggg
Colorado,Logan,g5A9B8
Colorado,Mesa,gggggg
Colorado,Mineral,gggggg
Colorado,Moffat,g5A9B8
Colorado,Montezuma,gggggg
Colorado,Montrose,gggggg
Colorado,Morgan,gggggg
Colorado,Otero,gggggg
Colorado,Ouray,gggggg
Colorado,Park,gggggg
Colorado,Phillips,gggggg
Colorado,Pitkin,gggggg
Colorado,Prowers,gggggg
Colorado,Pueblo,gggggg
Colorado,Rio Blanco,gggggg
Colorado,Rio Grande,gggggg
Colorado,Routt,g5A9B8
Colorado,Saguache,gggggg
Colorado,San Juan,gggggg
Colorado,San Miguel,gggggg
Colorado,Sedgwick,g5A9B8
Colorado,Summit,gggggg
Colorado,Teller,gggggg
Colorado,Washington,gggggg
Colorado,Weld,g5A9B8
Colorado,Yuma,gggggg
Connecticut,Fairfield,g5A9B8
Connecticut,Hartford,g5A9B8
Connecticut,Litchfield,g5A9B8
Connecticut,Middlesex,g5A9B8
Connecticut,New Haven,g5A9B8
Connecticut,New London,g5A9B8
Connecticut,Tolland,g5A9B8
Connecticut,Windham,g5A9B8
Delaware,Kent,gggggg
Delaware,New Castle,gggggg
Delaware,Sussex,gggggg
District Of Columbia,Washington,gggggg
Florida,Alachua,5BCEgA
Florida,Baker,5BCEgA
Florida,Bay,5BCEgA
Florida,Bradford,5BCEgA
Florida,Brevard,5BCEgA
Florida,Broward,5BCEgA
Florida,Calhoun,5BCEgA
Florida,Charlotte,5BCEgA
Florida,Citrus,5BCEgA
Florida,Clay,5BCEgA
Florida,Collier,5BCEgA
Florida,Columbia,5BCEgA
Florida,De Soto,5BCEgA
Florida,Dixie,5BCEgA
Florida,Duval,5BCEgA
Florida,Escambia,5BCEgA
Florida,Flagler,5BCEgA
Florida,Franklin,5BCEgA
Florida,Gadsden,5BCEgA
Florida,Gilchrist,5BCEgA
Florida,Glades,5BCEgA
Florida,Gulf,5BCEgA
Florida,Hamilton,5BCEgA
Florida,Hardee,5BCEgA
Florida,Hendry,5BCEgA
Florida,Hernando,5BCEgA
Florida,Highlands,5BCEgA
Florida,Hillsborough,5BCEgA
Florida,Holmes,5BCEgA
Florida,Indian River,5BCEgA
Florida,Jackson,5BCEgA
Florida,Jefferson,5BCEgA
Florida,Lafayette,5BCEgA
Florida,Lake,5BCEgA
Florida,Lee,5BCEgA
Florida,Leon,5BCEgA
Florida,Levy,5BCEgA
Florida,Liberty,5BCEgA
Florida,Madison,5BCEgA
Florida,Manatee,5BCEgA
Florida,Marion,5BCEgA
Florida,Martin,5BCEgA
Florida,Miami-Dade,5BCEgA
Florida,Monroe,5BCEgA
Florida,Nassau,5BCEgA
Florida,Okaloosa,5BCEgA
Florida,Okeechobee,5BCEgA
Florida,Orange,5BCEgA
Florida,Osceola,5BCEgA
Florida,Palm Beach,5BCEgA
Florida,Pasco,5BCEgA
Florida,Pinellas,5BCEgA
Florida,Polk,5BCEgA
Florida,Putnam,5BCEgA
Florida,Santa Rosa,5BCEgA
Florida,Sarasota,5BCEgA
Florida,Seminole,5BCEgA
Florida,St Johns,5BCEgA
Florida,St Lucie,5BCEgA
Florida,Sumter,5BCEgA
Florida,Suwannee,5BCEgA
Florida,Taylor,5BCEgA
Florida,Union,5BCEgA
Florida,Volusia,5BCEgA
Florida,Wakulla,5BCEgA
Florida,Walton,5BCEgA
Florida,Washington,5BCEgA
Georgia,Appling,5BCEgA
Georgia,Atkinson,5BCEgA
Georgia,Bacon,5BCEgA
Georgia,Baker,5BCEgA
Georgia,Baldwin,g5A9B8
Georgia,Banks,g5A9B8
Georgia,Barrow,g5A9B8
Georgia,Bartow,g5A9B8
Georgia,Ben Hill,5BCEgA
Georgia,Berrien,5BCEgA
Georgia,Bibb,g5A9B8
Georgia,Bleckley,5BCEgA
Georgia,Brantley,5BCEgA
Georgia,Brooks,5BCEgA
Georgia,Bryan,5BCEgA
Georgia,Bulloch,5BCEgA
Georgia,Burke,g5A9B8
Georgia,Butts,g5A9B8
Georgia,Calhoun,5BCEgA
Georgia,Camden,5BCEgA
Georgia,Candler,5BCEgA
Georgia,Carroll,g5A9B8
Georgia,Catoosa,g5A9B8
Georgia,Charlton,5BCEgA
Georgia,Chatham,5BCEgA
Georgia,Chattahoochee,5BCEgA
Georgia,Chattooga,g5A9B8
Georgia,Cherokee,g5A9B8
Georgia,Clarke,g5A9B8
Georgia,Clay,5BCEgA
Georgia,Clayton,g5A9B8
Georgia,Clinch,5BCEgA
Georgia,Cobb,g5A9B8
Georgia,Coffee,5BCEgA
Georgia,Colquitt,5BCEgA
Georgia,Columbia,g5A9B8
Georgia,Cook,5BCEgA
Georgia,Coweta,g5A9B8
Georgia,Crawford,g5A9B8
Georgia,Crisp,5BCEgA
Georgia,Dade,g5A9B8
Georgia,Dawson,g5A9B8
Georgia,De Kalb,g5A9B8
Georgia,Decatur,5BCEgA
Georgia,Dodge,5BCEgA
Georgia,Dooly,5BCEgA
Georgia,Dougherty,5BCEgA
Georgia,Douglas,g5A9B8
Georgia,Early,5BCEgA
Georgia,Echols,5BCEgA
Georgia,Effingham,5BCEgA
Georgia,Elbert,g5A9B8
Georgia,Emanuel,5BCEgA
Georgia,Evans,5BCEgA
Georgia,Fannin,g5A9B8
Georgia,Fayette,g5A9B8
Georgia,Floyd,g5A9B8
Georgia,Forsyth,g5A9B8
Georgia,Franklin,g5A9B8
Georgia,Fulton,g5A9B8
Georgia,Gilmer,g5A9B8
Georgia,Glascock,g5A9B8
Georgia,Glynn,5BCEgA
Georgia,Gordon,g5A9B8
Georgia,Grady,5BCEgA
Georgia,Greene,g5A9B8
Georgia,Gwinnett,g5A9B8
Georgia,Habersham,g5A9B8
Georgia,Hall,g5A9B8
Georgia,Hancock,g5A9B8
Georgia,Haralson,g5A9B8
Georgia,Harris,g5A9B8
Georgia,Hart,g5A9B8
Georgia,Heard,g5A9B8
Georgia,Henry,g5A9B8
Georgia,Houston,5BCEgA
Georgia,Irwin,5BCEgA
Georgia,Jackson,g5A9B8
Georgia,Jasper,g5A9B8
Georgia,Jeff Davis,5BCEgA
Georgia,Jefferson,g5A9B8
Georgia,Jenkins,g5A9B8
Georgia,Johnson,g5A9B8
Georgia,Jones,g5A9B8
Georgia,Lamar,g5A9B8
Georgia,Lanier,5BCEgA
Georgia,Laurens,5BCEgA
Georgia,Lee,5BCEgA
Georgia,Liberty,5BCEgA
Georgia,Lincoln,g5A9B8
Georgia,Long,5BCEgA
Georgia,Lowndes,5BCEgA
Georgia,Lumpkin,g5A9B8
Georgia,Macon,5BCEgA
Georgia,Madison,g5A9B8
Georgia,Marion,5BCEgA
Georgia,Mcduffie,g5A9B8
Georgia,Mcintosh,5BCEgA
Georgia,Meriwether,g5A9B8
Georgia,Miller,5BCEgA
Georgia,Mitchell,5BCEgA
Georgia,Monroe,g5A9B8
Georgia,Montgomery,5BCEgA
Georgia,Morgan,g5A9B8
Georgia,Murray,g5A9B8
Georgia,Muscogee,5BCEgA
Georgia,Newton,g5A9B8
Georgia,Oconee,g5A9B8
Georgia,Oglethorpe,g5A9B8
Georgia,Paulding,g5A9B8
Georgia,Peach,g5A9B8
Georgia,Pickens,g5A9B8
Georgia,Pierce,5BCEgA
Georgia,Pike,g5A9B8
Georgia,Polk,g5A9B8
Georgia,Pulaski,5BCEgA
Georgia,Putnam,g5A9B8
Georgia,Quitman,5BCEgA
Georgia,Rabun,g5A9B8
Georgia,Randolph,5BCEgA
Georgia,Richmond,g5A9B8
Georgia,Rockdale,g5A9B8
Georgia,Schley,5BCEgA
Georgia,Screven,g5A9B8
Georgia,Seminole,5BCEgA
Georgia,Spalding,g5A9B8
Georgia,Stephens,g5A9B8
Georgia,Stewart,5BCEgA
Georgia,Sumter,5BCEgA
Georgia,Talbot,g5A9B8
Georgia,Taliaferro,g5A9B8
Georgia,Tattnall,5BCEgA
Georgia,Taylor,5BCEgA
Georgia,Telfair,5BCEgA
Georgia,Terrell,5BCEgA
Georgia,Thomas,5BCEgA
Georgia,Tift,5BCEgA
Georgia,Toombs,5BCEgA
Georgia,Towns,g5A9B8
Georgia,Treutlen,5BCEgA
Georgia,Troup,g5A9B8
Georgia,Turner,5BCEgA
Georgia,Twiggs,g5A9B8
Georgia,Union,g5A9B8
Georgia,Upson,g5A9B8
Georgia,Walker,g5A9B8
Georgia,Walton,g5A9B8
Georgia,Ware,5BCEgA
Georgia,Warren,g5A9B8
Georgia,Washington,g5A9B8
Georgia,Wayne,5BCEgA
Georgia,Webster,5BCEgA
Georgia,Wheeler,5BCEgA
Georgia,White,g5A9B8
Georgia,Whitfield,g5A9B8
Georgia,Wilcox,5BCEgA
Georgia,Wilkes,g5A9B8
Georgia,Wilkinson,g5A9B8
Georgia,Worth,5BCEgA
Idaho,Ada,g5A9B8
Idaho,Adams,5BCEgA
Idaho,Bannock,g5A9B8
Idaho,Bear Lake,g5A9B8
Idaho,Benewah,5BCEgA
Idaho,Bingham,g5A9B8
Idaho,Blaine,g5A9B8
Idaho,Boise,g5A9B8
Idaho,Bonner,5BCEgA
Idaho,Bonneville,g5A9B8
Idaho,Boundary,5BCEgA
Idaho,Butte,g5A9B8
Idaho,Camas,g5A9B8
Idaho,Canyon,g5A9B8
Idaho,Caribou,g5A9B8
Idaho,Cassia,g5A9B8
Idaho,Clark,g5A9B8
Idaho,Clearwater,5BCEgA
Idaho,Custer,g5A9B8
Idaho,Elmore,g5A9B8
Idaho,Franklin,g5A9B8
Idaho,Fremont,g5A9B8
Idaho,Gem,g5A9B8
Idaho,Gooding,g5A9B8
Idaho,Idaho,5BCEgA
Idaho,Jefferson,g5A9B8
Idaho,Jerome,g5A9B8
Idaho,Kootenai,5BCEgA
Idaho,Latah,5BCEgA
Idaho,Lemhi,5BCEgA
Idaho,Lewis,5BCEgA
Idaho,Lincoln,g5A9B8
Idaho,Madison,g5A9B8
Idaho,Minidoka,g5A9B8
Idaho,Nez Perce,5BCEgA
Idaho,Oneida,g5A9B8
Idaho,Owyhee,g5A9B8
Idaho,Payette,g5A9B8
Idaho,Power,g5A9B8
Idaho,Shoshone,5BCEgA
Idaho,Teton,g5A9B8
Idaho,Twin Falls,g5A9B8
Idaho,Valley,5BCEgA
Idaho,Washington,g5A9B8
Illinois,Adams,gggggg
Illinois,Alexander,gggggg
Illinois,Bond,gggggg
Illinois,Boone,g5A9B8
Illinois,Brown,gggggg
Illinois,Bureau,g5A9B8
Illinois,Calhoun,gggggg
Illinois,Carroll,g5A9B8
Illinois,Cass,gggggg
Illinois,Champaign,gggggg
Illinois,Christian,gggggg
Illinois,Clark,gggggg
Illinois,Clay,gggggg
Illinois,Clinton,gggggg
Illinois,Coles,gggggg
Illinois,Cook,g5A9B8
Illinois,Crawford,gggggg
Illinois,Cumberland,gggggg
Illinois,De Kalb,g5A9B8
Illinois,De Witt,gggggg
Illinois,Douglas,gggggg
Illinois,Du Page,g5A9B8
Illinois,Edgar,gggggg
Illinois,Edwards,gggggg
Illinois,Effingham,gggggg
Illinois,Fayette,gggggg
Illinois,Ford,g5A9B8
Illinois,Franklin,gggggg
Illinois,Fulton,gggggg
Illinois,Gallatin,gggggg
Illinois,Greene,gggggg
Illinois,Grundy,g5A9B8
Illinois,Hamilton,gggggg
Illinois,Hancock,gggggg
Illinois,Hardin,gggggg
Illinois,Henderson,g5A9B8
Illinois,Henry,g5A9B8
Illinois,Iroquois,g5A9B8
Illinois,Jackson,gggggg
Illinois,Jasper,gggggg
Illinois,Jefferson,gggggg
Illinois,Jersey,gggggg
Illinois,Jo Daviess,g5A9B8
Illinois,Johnson,gggggg
Illinois,Kane,g5A9B8
Illinois,Kankakee,g5A9B8
Illinois,Kendall,g5A9B8
Illinois,Knox,g5A9B8
Illinois,La Salle,g5A9B8
Illinois,Lake,g5A9B8
Illinois,Lawrence,gggggg
Illinois,Lee,g5A9B8
Illinois,Livingston,g5A9B8
Illinois,Logan,gggggg
Illinois,Macon,gggggg
Illinois,Macoupin,gggggg
Illinois,Madison,gggggg
Illinois,Marion,gggggg
Illinois,Marshall,g5A9B8
Illinois,Mason,gggggg
Illinois,Massac,gggggg
Illinois,Mcdonough,gggggg
Illinois,Mchenry,g5A9B8
Illinois,Mclean,gggggg
Illinois,Menard,gggggg
Illinois,Mercer,g5A9B8
Illinois,Monroe,gggggg
Illinois,Montgomery,gggggg
Illinois,Morgan,gggggg
Illinois,Moultrie,gggggg
Illinois,Ogle,g5A9B8
Illinois,Peoria,g5A9B8
Illinois,Perry,gggggg
Illinois,Piatt,gggggg
Illinois,Pike,gggggg
Illinois,Pope,gggggg
Illinois,Pulaski,gggggg
Illinois,Putnam,g5A9B8
Illinois,Randolph,gggggg
Illinois,Richland,gggggg
Illinois,Rock Island,g5A9B8
Illinois,Saline,gggggg
Illinois,Sangamon,gggggg
Illinois,Schuyler,gggggg
Illinois,Scott,gggggg
Illinois,Shelby,gggggg
Illinois,St Clair,gggggg
Illinois,Stark,g5A9B8
Illinois,Stephenson,g5A9B8
Illinois,Tazewell,gggggg
Illinois,Union,gggggg
Illinois,Vermilion,gggggg
Illinois,Wabash,gggggg
Illinois,Warren,g5A9B8
Illinois,Washington,gggggg
Illinois,Wayne,gggggg
Illinois,White,gggggg
Illinois,Whiteside,g5A9B8
Illinois,Will,g5A9B8
Illinois,Williamson,gggggg
Illinois,Winnebago,g5A9B8
Illinois,Woodford,g5A9B8
Indiana,Adams,g5A9B8
Indiana,Allen,g5A9B8
Indiana,Bartholomew,gggggg
Indiana,Benton,gggggg
Indiana,Blackford,gggggg
Indiana,Boone,gggggg
Indiana,Brown,gggggg
Indiana,Carroll,gggggg
Indiana,Cass,g5A9B8
Indiana,Clark,gggggg
Indiana,Clay,gggggg
Indiana,Clinton,gggggg
Indiana,Crawford,gggggg
Indiana,Daviess,gggggg
Indiana,De Kalb,g5A9B8
Indiana,Dearborn,gggggg
Indiana,Decatur,gggggg
Indiana,Delaware,gggggg
Indiana,Dubois,gggggg
Indiana,Elkhart,g5A9B8
Indiana,Fayette,gggggg
Indiana,Floyd,gggggg
Indiana,Fountain,gggggg
Indiana,Franklin,gggggg
Indiana,Fulton,g5A9B8
Indiana,Gibson,gggggg
Indiana,Grant,gggggg
Indiana,Greene,gggggg
Indiana,Hamilton,gggggg
Indiana,Hancock,gggggg
Indiana,Harrison,gggggg
Indiana,Hendricks,gggggg
Indiana,Henry,gggggg
Indiana,Howard,gggggg
Indiana,Huntington,g5A9B8
Indiana,Jackson,gggggg
Indiana,Jasper,g5A9B8
Indiana,Jay,gggggg
Indiana,Jefferson,gggggg
Indiana,Jennings,gggggg
Indiana,Johnson,gggggg
Indiana,Knox,gggggg
Indiana,Kosciusko,g5A9B8
Indiana,La Porte,g5A9B8
Indiana,Lagrange,g5A9B8
Indiana,Lake,g5A9B8
Indiana,Lawrence,gggggg
Indiana,Madison,gggggg
Indiana,Marion,gggggg
Indiana,Marshall,g5A9B8
Indiana,Martin,gggggg
Indiana,Miami,g5A9B8
Indiana,Monroe,gggggg
Indiana,Montgomery,gggggg
Indiana,Morgan,gggggg
Indiana,Newton,g5A9B8
Indiana,Noble,g5A9B8
Indiana,Ohio,gggggg
Indiana,Orange,gggggg
Indiana,Owen,gggggg
Indiana,Parke,gggggg
Indiana,Perry,gggggg
Indiana,Pike,gggggg
Indiana,Porter,g5A9B8
Indiana,Posey,gggggg
Indiana,Pulaski,g5A9B8
Indiana,Putnam,gggggg
Indiana,Randolph,gggggg
Indiana,Ripley,gggggg
Indiana,Rush,gggggg
Indiana,Scott,gggggg
Indiana,Shelby,gggggg
Indiana,Spencer,gggggg
Indiana,St Joseph,g5A9B8
Indiana,Starke,g5A9B8
Indiana,Steuben,g5A9B8
Indiana,Sullivan,gggggg
Indiana,Switzerland,gggggg
Indiana,Tippecanoe,gggggg
Indiana,Tipton,gggggg
Indiana,Union,gggggg
Indiana,Vanderburgh,gggggg
Indiana,Vermillion,gggggg
Indiana,Vigo,gggggg
Indiana,Wabash,g5A9B8
Indiana,Warren,gggggg
Indiana,Warrick,gggggg
Indiana,Washington,gggggg
Indiana,Wayne,gggggg
Indiana,Wells,g5A9B8
Indiana,White,g5A9B8
Indiana,Whitley,g5A9B8
Iowa,Adair,g5A9B8
Iowa,Adams,g5A9B8
Iowa,Allamakee,g5A9B8
Iowa,Appanoose,g5A9B8
Iowa,Audubon,g5A9B8
Iowa,Benton,g5A9B8
Iowa,Black Hawk,g5A9B8
Iowa,Boone,g5A9B8
Iowa,Bremer,g5A9B8
Iowa,Buchanan,g5A9B8
Iowa,Buena Vista,g5A9B8
Iowa,Butler,g5A9B8
Iowa,Calhoun,g5A9B8
Iowa,Carroll,g5A9B8
Iowa,Cass,g5A9B8
Iowa,Cedar,g5A9B8
Iowa,Cerro Gordo,g5A9B8
Iowa,Cherokee,g5A9B8
Iowa,Chickasaw,g5A9B8
Iowa,Clarke,g5A9B8
Iowa,Clay,g5A9B8
Iowa,Clayton,g5A9B8
Iowa,Clinton,g5A9B8
Iowa,Crawford,g5A9B8
Iowa,Dallas,g5A9B8
Iowa,Davis,g5A9B8
Iowa,Decatur,g5A9B8
Iowa,Delaware,g5A9B8
Iowa,Des Moines,g5A9B8
Iowa,Dickinson,g5A9B8
Iowa,Dubuque,g5A9B8
Iowa,Emmet,g5A9B8
Iowa,Fayette,g5A9B8
Iowa,Floyd,g5A9B8
Iowa,Franklin,g5A9B8
Iowa,Fremont,g5A9B8
Iowa,Greene,g5A9B8
Iowa,Grundy,g5A9B8
Iowa,Guthrie,g5A9B8
Iowa,Hamilton,g5A9B8
Iowa,Hancock,g5A9B8
Iowa,Hardin,g5A9B8
Iowa,Harrison,g5A9B8
Iowa,Henry,g5A9B8
Iowa,Howard,g5A9B8
Iowa,Humboldt,g5A9B8
Iowa,Ida,g5A9B8
Iowa,Iowa,g5A9B8
Iowa,Jackson,g5A9B8
Iowa,Jasper,g5A9B8
Iowa,Jefferson,g5A9B8
Iowa,Johnson,g5A9B8
Iowa,Jones,g5A9B8
Iowa,Keokuk,g5A9B8
Iowa,Kossuth,g5A9B8
Iowa,Lee,gggggg
Iowa,Linn,g5A9B8
Iowa,Louisa,g5A9B8
Iowa,Lucas,g5A9B8
Iowa,Lyon,g5A9B8
Iowa,Madison,g5A9B8
Iowa,Mahaska,g5A9B8
Iowa,Marion,g5A9B8
Iowa,Marshall,g5A9B8
Iowa,Mills,g5A9B8
Iowa,Mitchell,g5A9B8
Iowa,Monona,g5A9B8
Iowa,Monroe,g5A9B8
Iowa,Montgomery,g5A9B8
Iowa,Muscatine,g5A9B8
Iowa,Obrien,g5A9B8
Iowa,Osceola,g5A9B8
Iowa,Page,g5A9B8
Iowa,Palo Alto,g5A9B8
Iowa,Plymouth,g5A9B8
Iowa,Pocahontas,g5A9B8
Iowa,Polk,g5A9B8
Iowa,Pottawattamie,g5A9B8
Iowa,Poweshiek,g5A9B8
Iowa,Ringgold,g5A9B8
Iowa,Sac,g5A9B8
Iowa,Scott,g5A9B8
Iowa,Shelby,g5A9B8
Iowa,Sioux,g5A9B8
Iowa,Story,g5A9B8
Iowa,Tama,g5A9B8
Iowa,Taylor,g5A9B8
Iowa,Union,g5A9B8
Iowa,Van Buren,g5A9B8
Iowa,Wapello,g5A9B8
Iowa,Warren,g5A9B8
Iowa,Washington,g5A9B8
Iowa,Wayne,g5A9B8
Iowa,Webster,g5A9B8
Iowa,Winnebago,g5A9B8
Iowa,Winneshiek,g5A9B8
Iowa,Woodbury,g5A9B8
Iowa,Worth,g5A9B8
Iowa,Wright,g5A9B8
Kansas,Allen,gggggg
Kansas,Anderson,gggggg
Kansas,Atchison,gggggg
Kansas,Barber,gggggg
Kansas,Barton,gggggg
Kansas,Bourbon,gggggg
Kansas,Brown,gggggg
Kansas,Butler,gggggg
Kansas,Chase,gggggg
Kansas,Chautauqua,gggggg
Kansas,Cherokee,gggggg
Kansas,Cheyenne,gggggg
Kansas,Clark,gggggg
Kansas,Clay,gggggg
Kansas,Cloud,gggggg
Kansas,Coffey,gggggg
Kansas,Comanche,gggggg
Kansas,Cowley,gggggg
Kansas,Crawford,gggggg
Kansas,Decatur,gggggg
Kansas,Dickinson,gggggg
Kansas,Doniphan,gggggg
Kansas,Douglas,gggggg
Kansas,Edwards,gggggg
Kansas,Elk,gggggg
Kansas,Ellis,gggggg
Kansas,Ellsworth,gggggg
Kansas,Finney,gggggg
Kansas,Ford,gggggg
Kansas,Franklin,gggggg
Kansas,Geary,gggggg
Kansas,Gove,gggggg
Kansas,Graham,gggggg
Kansas,Grant,gggggg
Kansas,Gray,gggggg
Kansas,Greeley,gggggg
Kansas,Greenwood,gggggg
Kansas,Hamilton,gggggg
Kansas,Harper,gggggg
Kansas,Harvey,gggggg
Kansas,Haskell,gggggg
Kansas,Hodgeman,gggggg
Kansas,Jackson,gggggg
Kansas,Jefferson,gggggg
Kansas,Jewell,gggggg
Kansas,Johnson,gggggg
Kansas,Kearny,gggggg
Kansas,Kingman,gggggg
Kansas,Kiowa,gggggg
Kansas,Labette,gggggg
Kansas,Lane,gggggg
Kansas,Leavenworth,gggggg
Kansas,Lincoln,gggggg
Kansas,Linn,gggggg
Kansas,Logan,gggggg
Kansas,Lyon,gggggg
Kansas,Marion,gggggg
Kansas,Marshall,gggggg
Kansas,Mcpherson,gggggg
Kansas,Meade,gggggg
Kansas,Miami,gggggg
Kansas,Mitchell,gggggg
Kansas,Montgomery,gggggg
Kansas,Morris,gggggg
Kansas,Morton,gggggg
Kansas,Nemaha,gggggg
Kansas,Neosho,gggggg
Kansas,Ness,gggggg
Kansas,Norton,gggggg
Kansas,Osage,gggggg
Kansas,Osborne,gggggg
Kansas,Ottawa,gggggg
Kansas,Pawnee,gggggg
Kansas,Phillips,gggggg
Kansas,Pottawatomie,gggggg
Kansas,Pratt,gggggg
Kansas,Rawlins,gggggg
Kansas,Reno,gggggg
Kansas,Republic,gggggg
Kansas,Rice,gggggg
Kansas,Riley,gggggg
Kansas,Rooks,gggggg
Kansas,Rush,gggggg
Kansas,Russell,gggggg
Kansas,Saline,gggggg
Kansas,Scott,gggggg
Kansas,Sedgwick,gggggg
Kansas,Seward,gggggg
Kansas,Shawnee,gggggg
Kansas,Sheridan,gggggg
Kansas,Sherman,gggggg
Kansas,Smith,gggggg
Kansas,Stafford,gggggg
Kansas,Stanton,gggggg
Kansas,Stevens,gggggg
Kansas,Sumner,gggggg
Kansas,Thomas,gggggg
Kansas,Trego,gggggg
Kansas,Wabaunsee,gggggg
Kansas,Wallace,gggggg
Kansas,Washington,gggggg
Kansas,Wichita,gggggg
Kansas,Wilson,gggggg
Kansas,Woodson,gggggg
Kansas,Wyandotte,gggggg
Kentucky,Adair,gggggg
Kentucky,Allen,gggggg
Kentucky,Anderson,gggggg
Kentucky,Ballard,gggggg
Kentucky,Barren,gggggg
Kentucky,Bath,gggggg
Kentucky,Bell,g5A9B8
Kentucky,Boone,gggggg
Kentucky,Bourbon,gggggg
Kentucky,Boyd,gggggg
Kentucky,Boyle,gggggg
Kentucky,Bracken,gggggg
Kentucky,Breathitt,gggggg
Kentucky,Breckinridge,gggggg
Kentucky,Bullitt,gggggg
Kentucky,Butler,gggggg
Kentucky,Caldwell,gggggg
Kentucky,Calloway,g5A9B8
Kentucky,Campbell,gggggg
Kentucky,Carlisle,gggggg
Kentucky,Carroll,gggggg
Kentucky,Carter,gggggg
Kentucky,Casey,gggggg
Kentucky,Christian,gggggg
Kentucky,Clark,gggggg
Kentucky,Clay,gggggg
Kentucky,Clinton,g5A9B8
Kentucky,Crittenden,gggggg
Kentucky,Cumberland,g5A9B8
Kentucky,Daviess,gggggg
Kentucky,Edmonson,gggggg
Kentucky,Elliott,gggggg
Kentucky,Estill,gggggg
Kentucky,Fayette,gggggg
Kentucky,Fleming,gggggg
Kentucky,Floyd,gggggg
Kentucky,Franklin,gggggg
Kentucky,Fulton,g5A9B8
Kentucky,Gallatin,gggggg
Kentucky,Garrard,gggggg
Kentucky,Grant,gggggg
Kentucky,Graves,g5A9B8
Kentucky,Grayson,gggggg
Kentucky,Green,gggggg
Kentucky,Greenup,gggggg
Kentucky,Hancock,gggggg
Kentucky,Hardin,gggggg
Kentucky,Harlan,gggggg
Kentucky,Harrison,gggggg
Kentucky,Hart,gggggg
Kentucky,Henderson,gggggg
Kentucky,Henry,gggggg
Kentucky,Hickman,g5A9B8
Kentucky,Hopkins,gggggg
Kentucky,Jackson,gggggg
Kentucky,Jefferson,gggggg
Kentucky,Jessamine,gggggg
Kentucky,Johnson,gggggg
Kentucky,Kenton,gggggg
Kentucky,Knott,gggggg
Kentucky,Knox,gggggg
Kentucky,Larue,gggggg
Kentucky,Laurel,gggggg
Kentucky,Lawrence,gggggg
Kentucky,Lee,gggggg
Kentucky,Leslie,gggggg
Kentucky,Letcher,gggggg
Kentucky,Lewis,gggggg
Kentucky,Lincoln,gggggg
Kentucky,Livingston,gggggg
Kentucky,Logan,gggggg
Kentucky,Lyon,gggggg
Kentucky,Madison,gggggg
Kentucky,Magoffin,gggggg
Kentucky,Marion,gggggg
Kentucky,Marshall,gggggg
Kentucky,Martin,gggggg
Kentucky,Mason,gggggg
Kentucky,Mccracken,gggggg
Kentucky,Mccreary,g5A9B8
Kentucky,Mclean,gggggg
Kentucky,Meade,gggggg
Kentucky,Menifee,gggggg
Kentucky,Mercer,gggggg
Kentucky,Metcalfe,gggggg
Kentucky,Monroe,g5A9B8
Kentucky,Montgomery,gggggg
Kentucky,Morgan,gggggg
Kentucky,Muhlenberg,gggggg
Kentucky,Nelson,gggggg
Kentucky,Nicholas,gggggg
Kentucky,Ohio,gggggg
Kentucky,Oldham,gggggg
Kentucky,Owen,gggggg
Kentucky,Owsley,gggggg
Kentucky,Pendleton,gggggg
Kentucky,Perry,gggggg
Kentucky,Pike,gggggg
Kentucky,Powell,gggggg
Kentucky,Pulaski,gggggg
Kentucky,Robertson,gggggg
Kentucky,Rockcastle,gggggg
Kentucky,Rowan,gggggg
Kentucky,Russell,gggggg
Kentucky,Scott,gggggg
Kentucky,Shelby,gggggg
Kentucky,Simpson,gggggg
Kentucky,Spencer,gggggg
Kentucky,Taylor,gggggg
Kentucky,Todd,gggggg
Kentucky,Trigg,gggggg
Kentucky,Trimble,gggggg
Kentucky,Union,gggggg
Kentucky,Warren,gggggg
Kentucky,Washington,gggggg
Kentucky,Wayne,g5A9B8
Kentucky,Webster,gggggg
Kentucky,Whitley,g5A9B8
Kentucky,Wolfe,gggggg
Kentucky,Woodford,gggggg
Louisiana,Acadia,5BCEgA
Louisiana,Allen,5BCEgA
Louisiana,Ascension,5BCEgA
Louisiana,Assumption,5BCEgA
Louisiana,Avoyelles,5BCEgA
Louisiana,Beauregard,5BCEgA
Louisiana,Bienville,5BCEgA
Louisiana,Bossier,5BCEgA
Louisiana,Caddo,5BCEgA
Louisiana,Calcasieu,5BCEgA
Louisiana,Caldwell,5BCEgA
Louisiana,Cameron,5BCEgA
Louisiana,Catahoula,5BCEgA
Louisiana,Claiborne,g5A9B8
Louisiana,Concordia,5BCEgA
Louisiana,De Soto,5BCEgA
Louisiana,East Baton Rouge,5BCEgA
Louisiana,East Carroll,g5A9B8
Louisiana,East Feliciana,5BCEgA
Louisiana,Evangeline,5BCEgA
Louisiana,Franklin,5BCEgA
Louisiana,Grant,5BCEgA
Louisiana,Iberia,5BCEgA
Louisiana,Iberville,5BCEgA
Louisiana,Jackson,5BCEgA
Louisiana,Jefferson,5BCEgA
Louisiana,Jefferson Davis,5BCEgA
Louisiana,La Salle,5BCEgA
Louisiana,Lafayette,5BCEgA
Louisiana,Lafourche,5BCEgA
Louisiana,Lincoln,g5A9B8
Louisiana,Livingston,5BCEgA
Louisiana,Madison,5BCEgA
Louisiana,Morehouse,g5A9B8
Louisiana,Natchitoches,5BCEgA
Louisiana,Orleans,5BCEgA
Louisiana,Ouachita,5BCEgA
Louisiana,Plaquemines,5BCEgA
Louisiana,Pointe Coupee,5BCEgA
Louisiana,Rapides,5BCEgA
Louisiana,Red River,5BCEgA
Louisiana,Richland,5BCEgA
Louisiana,Sabine,5BCEgA
Louisiana,St Bernard,5BCEgA
Louisiana,St Charles,5BCEgA
Louisiana,St Helena,5BCEgA
Louisiana,St James,5BCEgA
Louisiana,St John The Baptist,5BCEgA
Louisiana,St Landry,5BCEgA
Louisiana,St Martin,5BCEgA
Louisiana,St Mary,5BCEgA
Louisiana,St Tammany,5BCEgA
Louisiana,Tangipahoa,5BCEgA
Louisiana,Tensas,5BCEgA
Louisiana,Terrebonne,5BCEgA
Louisiana,Union,g5A9B8
Louisiana,Vermilion,5BCEgA
Louisiana,Vernon,5BCEgA
Louisiana,Washington,5BCEgA
Louisiana,Webster,g5A9B8
Louisiana,West Baton Rouge,5BCEgA
Louisiana,West Carroll,g5A9B8
Louisiana,West Feliciana,5BCEgA
Louisiana,Winn,5BCEgA
Maine,Androscoggin,g5A9B8
Maine,Aroostook,5BCEgA
Maine,Cumberland,g5A9B8
Maine,Franklin,5BCEgA
Maine,Hancock,5BCEgA
Maine,Kennebec,g5A9B8
Maine,Knox,g5A9B8
Maine,Lincoln,g5A9B8
Maine,Oxford,5BCEgA
Maine,Penobscot,5BCEgA
Maine,Piscataquis,5BCEgA
Maine,Sagadahoc,g5A9B8
Maine,Somerset,5BCEgA
Maine,Waldo,g5A9B8
Maine,Washington,5BCEgA
Maine,York,g5A9B8
Maryland,Allegany,gggggg
Maryland,Anne Arundel,gggggg
Maryland,Baltimore,gggggg
Maryland,Baltimore City,gggggg
Maryland,Calvert,gggggg
Maryland,Caroline,gggggg
Maryland,Carroll,gggggg
Maryland,Cecil,gggggg
Maryland,Charles,gggggg
Maryland,Dorchester,gggggg
Maryland,Frederick,gggggg
Maryland,Garrett,gggggg
Maryland,Harford,gggggg
Maryland,Howard,gggggg
Maryland,Kent,gggggg
Maryland,Montgomery,gggggg
Maryland,Prince Georges,gggggg
Maryland,Queen Annes,gggggg
Maryland,Somerset,gggggg
Maryland,St Marys,gggggg
Maryland,Talbot,gggggg
Maryland,Washington,gggggg
Maryland,Wicomico,gggggg
Maryland,Worcester,gggggg
Massachusetts,Barnstable,g5A9B8
Massachusetts,Berkshire,g5A9B8
Massachusetts,Bristol,g5A9B8
Massachusetts,Dukes,g5A9B8
Massachusetts,Essex,g5A9B8
Massachusetts,Franklin,g5A9B8
Massachusetts,Hampden,g5A9B8
Massachusetts,Hampshire,g5A9B8
Massachusetts,Middlesex,g5A9B8
Massachusetts,Nantucket,g5A9B8
Massachusetts,Norfolk,g5A9B8
Massachusetts,Plymouth,g5A9B8
Massachusetts,Suffolk,g5A9B8
Massachusetts,Worcester,g5A9B8
Michigan,Alcona,g5A9B8
Michigan,Alger,5BCEgA
Michigan,Allegan,g5A9B8
Michigan,Alpena,5BCEgA
Michigan,Antrim,5BCEgA
Michigan,Arenac,g5A9B8
Michigan,Baraga,5BCEgA
Michigan,Barry,g5A9B8
Michigan,Bay,g5A9B8
Michigan,Benzie,g5A9B8
Michigan,Berrien,g5A9B8
Michigan,Branch,g5A9B8
Michigan,Calhoun,g5A9B8
Michigan,Cass,g5A9B8
Michigan,Charlevoix,5BCEgA
Michigan,Cheboygan,5BCEgA
Michigan,Chippewa,5BCEgA
Michigan,Clare,g5A9B8
Michigan,Clinton,g5A9B8
Michigan,Crawford,g5A9B8
Michigan,Delta,5BCEgA
Michigan,Dickinson,5BCEgA
Michigan,Eaton,g5A9B8
Michigan,Emmet,5BCEgA
Michigan,Genesee,g5A9B8
Michigan,Gladwin,g5A9B8
Michigan,Gogebic,5BCEgA
Michigan,Grand Traverse,g5A9B8
Michigan,Gratiot,g5A9B8
Michigan,Hillsdale,g5A9B8
Michigan,Houghton,5BCEgA
Michigan,Huron,g5A9B8
Michigan,Ingham,g5A9B8
Michigan,Ionia,g5A9B8
Michigan,Iosco,g5A9B8
Michigan,Iron,5BCEgA
Michigan,Isabella,g5A9B8
Michigan,Jackson,g5A9B8
Michigan,Kalamazoo,g5A9B8
Michigan,Kalkaska,g5A9B8
Michigan,Kent,g5A9B8
Michigan,Keweenaw,5BCEgA
Michigan,Lake,g5A9B8
Michigan,Lapeer,g5A9B8
Michigan,Leelanau,5BCEgA
Michigan,Lenawee,g5A9B8
Michigan,Livingston,g5A9B8
Michigan,Luce,5BCEgA
Michigan,Mackinac,5BCEgA
Michigan,Macomb,g5A9B8
Michigan,Manistee,g5A9B8
Michigan,Marquette,5BCEgA
Michigan,Mason,g5A9B8
Michigan,Mecosta,g5A9B8
Michigan,Menominee,5BCEgA
Michigan,Midland,g5A9B8
Michigan,Missaukee,g5A9B8
Michigan,Monroe,g5A9B8
Michigan,Montcalm,g5A9B8
Michigan,Montmorency,5BCEgA
Michigan,Muskegon,g5A9B8
Michigan,Newaygo,g5A9B8
Michigan,Oakland,g5A9B8
Michigan,Oceana,g5A9B8
Michigan,Ogemaw,g5A9B8
Michigan,Ontonagon,5BCEgA
Michigan,Osceola,g5A9B8
Michigan,Oscoda,g5A9B8
Michigan,Otsego,5BCEgA
Michigan,Ottawa,g5A9B8
Michigan,Presque Isle,5BCEgA
Michigan,Roscommon,g5A9B8
Michigan,Saginaw,g5A9B8
Michigan,Sanilac,g5A9B8
Michigan,Schoolcraft,5BCEgA
Michigan,Shiawassee,g5A9B8
Michigan,St Clair,g5A9B8
Michigan,St Joseph,g5A9B8
Michigan,Tuscola,g5A9B8
Michigan,Van Buren,g5A9B8
Michigan,Washtenaw,g5A9B8
Michigan,Wayne,g5A9B8
Michigan,Wexford,g5A9B8
Minnesota,Aitkin,5BCEgA
Minnesota,Anoka,5BCEgA
Minnesota,Becker,5BCEgA
Minnesota,Beltrami,5BCEgA
Minnesota,Benton,5BCEgA
Minnesota,Big Stone,5BCEgA
Minnesota,Blue Earth,g5A9B8
Minnesota,Brown,g5A9B8
Minnesota,Carlton,5BCEgA
Minnesota,Carver,g5A9B8
Minnesota,Cass,5BCEgA
Minnesota,Chippewa,5BCEgA
Minnesota,Chisago,5BCEgA
Minnesota,Clay,5BCEgA
Minnesota,Clearwater,5BCEgA
Minnesota,Cook,5BCEgA
Minnesota,Cottonwood,g5A9B8
Minnesota,Crow Wing,5BCEgA
Minnesota,Dakota,g5A9B8
Minnesota,Dodge,g5A9B8
Minnesota,Douglas,5BCEgA
Minnesota,Faribault,g5A9B8
Minnesota,Fillmore,g5A9B8
Minnesota,Freeborn,g5A9B8
Minnesota,Goodhue,g5A9B8
Minnesota,Grant,5BCEgA
Minnesota,Hennepin,5BCEgA
Minnesota,Houston,g5A9B8
Minnesota,Hubbard,5BCEgA
Minnesota,Isanti,5BCEgA
Minnesota,Itasca,5BCEgA
Minnesota,Jackson,g5A9B8
Minnesota,Kanabec,5BCEgA
Minnesota,Kandiyohi,5BCEgA
Minnesota,Kittson,5BCEgA
Minnesota,Koochiching,5BCEgA
Minnesota,Lac Qui Parle,5BCEgA
Minnesota,Lake,5BCEgA
Minnesota,Lake Of The Woods,5BCEgA
Minnesota,Le Sueur,g5A9B8
Minnesota,Lincoln,g5A9B8
Minnesota,Lyon,g5A9B8
Minnesota,Mahnomen,5BCEgA
Minnesota,Marshall,5BCEgA
Minnesota,Martin,g5A9B8
Minnesota,Mcleod,g5A9B8
Minnesota,Meeker,5BCEgA
Minnesota,Mille Lacs,5BCEgA
Minnesota,Morrison,5BCEgA
Minnesota,Mower,g5A9B8
Minnesota,Murray,g5A9B8
Minnesota,Nicollet,g5A9B8
Minnesota,Nobles,g5A9B8
Minnesota,Norman,5BCEgA
Minnesota,Olmsted,g5A9B8
Minnesota,Otter Tail,5BCEgA
Minnesota,Pennington,5BCEgA
Minnesota,Pine,5BCEgA
Minnesota,Pipestone,g5A9B8
Minnesota,Polk,5BCEgA
Minnesota,Pope,5BCEgA
Minnesota,Ramsey,g5A9B8
Minnesota,Red Lake,5BCEgA
Minnesota,Redwood,g5A9B8
Minnesota,Renville,g5A9B8
Minnesota,Rice,g5A9B8
Minnesota,Rock,g5A9B8
Minnesota,Roseau,5BCEgA
Minnesota,Scott,g5A9B8
Minnesota,Sherburne,5BCEgA
Minnesota,Sibley,g5A9B8
Minnesota,St Louis,5BCEgA
Minnesota,Stearns,5BCEgA
Minnesota,Steele,g5A9B8
Minnesota,Stevens,5BCEgA
Minnesota,Swift,5BCEgA
Minnesota,Todd,5BCEgA
Minnesota,Traverse,5BCEgA
Minnesota,Wabasha,g5A9B8
Minnesota,Wadena,5BCEgA
Minnesota,Waseca,g5A9B8
Minnesota,Washington,5BCEgA
Minnesota,Watonwan,g5A9B8
Minnesota,Wilkin,5BCEgA
Minnesota,Winona,g5A9B8
Minnesota,Wright,5BCEgA
Minnesota,Yellow Medicine,g5A9B8
Mississippi,Adams,5BCEgA
Mississippi,Alcorn,g5A9B8
Mississippi,Amite,5BCEgA
Mississippi,Attala,g5A9B8
Mississippi,Benton,g5A9B8
Mississippi,Bolivar,g5A9B8
Mississippi,Calhoun,g5A9B8
Mississippi,Carroll,g5A9B8
Mississippi,Chickasaw,g5A9B8
Mississippi,Choctaw,g5A9B8
Mississippi,Claiborne,5BCEgA
Mississippi,Clarke,5BCEgA
Mississippi,Clay,g5A9B8
Mississippi,Coahoma,g5A9B8
Mississippi,Copiah,5BCEgA
Mississippi,Covington,5BCEgA
Mississippi,De Soto,g5A9B8
Mississippi,Forrest,5BCEgA
Mississippi,Franklin,5BCEgA
Mississippi,George,5BCEgA
Mississippi,Greene,5BCEgA
Mississippi,Grenada,g5A9B8
Mississippi,Hancock,5BCEgA
Mississippi,Harrison,5BCEgA
Mississippi,Hinds,5BCEgA
Mississippi,Holmes,g5A9B8
Mississippi,Humphreys,g5A9B8
Mississippi,Issaquena,g5A9B8
Mississippi,Itawamba,g5A9B8
Mississippi,Jackson,5BCEgA
Mississippi,Jasper,5BCEgA
Mississippi,Jefferson,5BCEgA
Mississippi,Jefferson Davis,5BCEgA
Mississippi,Jones,5BCEgA
Mississippi,Kemper,g5A9B8
Mississippi,Lafayette,g5A9B8
Mississippi,Lamar,5BCEgA
Mississippi,Lauderdale,5BCEgA
Mississippi,Lawrence,5BCEgA
Mississippi,Leake,g5A9B8
Mississippi,Lee,g5A9B8
Mississippi,Leflore,g5A9B8
Mississippi,Lincoln,5BCEgA
Mississippi,Lowndes,g5A9B8
Mississippi,Madison,g5A9B8
Mississippi,Marion,5BCEgA
Mississippi,Marshall,g5A9B8
Mississippi,Monroe,g5A9B8
Mississippi,Montgomery,g5A9B8
Mississippi,Neshoba,g5A9B8
Mississippi,Newton,5BCEgA
Mississippi,Noxubee,g5A9B8
Mississippi,Oktibbeha,g5A9B8
Mississippi,Panola,g5A9B8
Mississippi,Pearl River,5BCEgA
Mississippi,Perry,5BCEgA
Mississippi,Pike,5BCEgA
Mississippi,Pontotoc,g5A9B8
Mississippi,Prentiss,g5A9B8
Mississippi,Quitman,g5A9B8
Mississippi,Rankin,5BCEgA
Mississippi,Scott,5BCEgA
Mississippi,Sharkey,g5A9B8
Mississippi,Simpson,5BCEgA
Mississippi,Smith,5BCEgA
Mississippi,Stone,5BCEgA
Mississippi,Sunflower,g5A9B8
Mississippi,Tallahatchie,g5A9B8
Mississippi,Tate,g5A9B8
Mississippi,Tippah,g5A9B8
Mississippi,Tishomingo,g5A9B8
Mississippi,Tunica,g5A9B8
Mississippi,Union,g5A9B8
Mississippi,Walthall,5BCEgA
Mississippi,Warren,5BCEgA
Mississippi,Washington,g5A9B8
Mississippi,Wayne,5BCEgA
Mississippi,Webster,g5A9B8
Mississippi,Wilkinson,5BCEgA
Mississippi,Winston,g5A9B8
Mississippi,Yalobusha,g5A9B8
Mississippi,Yazoo,g5A9B8
Missouri,Adair,gggggg
Missouri,Andrew,gggggg
Missouri,Atchison,gggggg
Missouri,Audrain,gggggg
Missouri,Barry,g5A9B8
Missouri,Barton,gggggg
Missouri,Bates,gggggg
Missouri,Benton,gggggg
Missouri,Bollinger,gggggg
Missouri,Boone,gggggg
Missouri,Buchanan,gggggg
Missouri,Butler,g5A9B8
Missouri,Caldwell,gggggg
Missouri,Callaway,gggggg
Missouri,Camden,gggggg
Missouri,Cape Girardeau,gggggg
Missouri,Carroll,gggggg
Missouri,Carter,gggggg
Missouri,Cass,gggggg
Missouri,Cedar,gggggg
Missouri,Chariton,gggggg
Missouri,Christian,gggggg
Missouri,Clark,gggggg
Missouri,Clay,gggggg
Missouri,Clinton,gggggg
Missouri,Cole,gggggg
Missouri,Cooper,gggggg
Missouri,Crawford,gggggg
Missouri,Dade,gggggg
Missouri,Dallas,gggggg
Missouri,Daviess,gggggg
Missouri,De Kalb,gggggg
Missouri,Dent,gggggg
Missouri,Douglas,gggggg
Missouri,Dunklin,g5A9B8
Missouri,Franklin,gggggg
Missouri,Gasconade,gggggg
Missouri,Gentry,gggggg
Missouri,Greene,gggggg
Missouri,Grundy,gggggg
Missouri,Harrison,gggggg
Missouri,Henry,gggggg
Missouri,Hickory,gggggg
Missouri,Holt,gggggg
Missouri,Howard,gggggg
Missouri,Howell,g5A9B8
Missouri,Iron,gggggg
Missouri,Jackson,gggggg
Missouri,Jasper,gggggg
Missouri,Jefferson,gggggg
Missouri,Johnson,gggggg
Missouri,Knox,gggggg
Missouri,Laclede,gggggg
Missouri,Lafayette,gggggg
Missouri,Lawrence,gggggg
Missouri,Lewis,gggggg
Missouri,Lincoln,gggggg
Missouri,Linn,gggggg
Missouri,Livingston,gggggg
Missouri,Macon,gggggg
Missouri,Madison,gggggg
Missouri,Maries,gggggg
Missouri,Marion,gggggg
Missouri,Mcdonald,g5A9B8
Missouri,Mercer,gggggg
Missouri,Miller,gggggg
Missouri,Mississippi,g5A9B8
Missouri,Moniteau,gggggg
Missouri,Monroe,gggggg
Missouri,Montgomery,gggggg
Missouri,Morgan,gggggg
Missouri,New Madrid,g5A9B8
Missouri,Newton,gggggg
Missouri,Nodaway,gggggg
Missouri,Oregon,g5A9B8
Missouri,Osage,gggggg
Missouri,Ozark,g5A9B8
Missouri,Pemiscot,g5A9B8
Missouri,Perry,gggggg
Missouri,Pettis,gggggg
Missouri,Phelps,gggggg
Missouri,Pike,gggggg
Missouri,Platte,gggggg
Missouri,Polk,gggggg
Missouri,Pulaski,gggggg
Missouri,Putnam,gggggg
Missouri,Ralls,gggggg
Missouri,Randolph,gggggg
Missouri,Ray,gggggg
Missouri,Reynolds,gggggg
Missouri,Ripley,g5A9B8
Missouri,Saline,gggggg
Missouri,Schuyler,gggggg
Missouri,Scotland,gggggg
Missouri,Scott,gggggg
Missouri,Shannon,gggggg
Missouri,Shelby,gggggg
Missouri,St Charles,gggggg
Missouri,St Clair,gggggg
Missouri,St Francois,gggggg
Missouri,St Louis,gggggg
Missouri,St Louis City,gggggg
Missouri,Ste Genevieve,gggggg
Missouri,Stoddard,g5A9B8
Missouri,Stone,g5A9B8
Missouri,Sullivan,gggggg
Missouri,Taney,g5A9B8
Missouri,Texas,gggggg
Missouri,Vernon,gggggg
Missouri,Warren,gggggg
Missouri,Washington,gggggg
Missouri,Wayne,gggggg
Missouri,Webster,gggggg
Missouri,Worth,gggggg
Missouri,Wright,gggggg
Montana,Beaverhead,5BCEgA
Montana,Big Horn,5BCEgA
Montana,Blaine,5BCEgA
Montana,Broadwater,5BCEgA
Montana,Carbon,5BCEgA
Montana,Carter,5BCEgA
Montana,Cascade,5BCEgA
Montana,Chouteau,5BCEgA
Montana,Custer,5BCEgA
Montana,Daniels,5BCEgA
Montana,Dawson,5BCEgA
Montana,Deer Lodge,5BCEgA
Montana,Fallon,5BCEgA
Montana,Fergus,5BCEgA
Montana,Flathead,5BCEgA
Montana,Gallatin,5BCEgA
Montana,Garfield,5BCEgA
Montana,Glacier,5BCEgA
Montana,Golden Valley,5BCEgA
Montana,Granite,5BCEgA
Montana,Hill,5BCEgA
Montana,Jefferson,5BCEgA
Montana,Judith Basin,5BCEgA
Montana,Lake,5BCEgA
Montana,Lewis And Clark,5BCEgA
Montana,Liberty,5BCEgA
Montana,Lincoln,5BCEgA
Montana,Madison,5BCEgA
Montana,Mccone,5BCEgA
Montana,Meagher,5BCEgA
Montana,Mineral,5BCEgA
Montana,Missoula,5BCEgA
Montana,Musselshell,5BCEgA
Montana,Park,5BCEgA
Montana,Petroleum,5BCEgA
Montana,Phillips,5BCEgA
Montana,Pondera,5BCEgA
Montana,Powder River,5BCEgA
Montana,Powell,5BCEgA
Montana,Prairie,5BCEgA
Montana,Ravalli,5BCEgA
Montana,Richland,5BCEgA
Montana,Roosevelt,5BCEgA
Montana,Rosebud,5BCEgA
Montana,Sanders,5BCEgA
Montana,Sheridan,5BCEgA
Montana,Silver Bow,5BCEgA
Montana,Stillwater,5BCEgA
Montana,Sweet Grass,5BCEgA
Montana,Teton,5BCEgA
Montana,Toole,5BCEgA
Montana,Treasure,5BCEgA
Montana,Valley,5BCEgA
Montana,Wheatland,5BCEgA
Montana,Wibaux,5BCEgA
Montana,Yellowstone,5BCEgA
Montana,Yellowstone National,g5A9B8
Nebraska,Adams,gggggg
Nebraska,Antelope,g5A9B8
Nebraska,Arthur,g5A9B8
Nebraska,Banner,g5A9B8
Nebraska,Blaine,g5A9B8
Nebraska,Boone,g5A9B8
Nebraska,Box Butte,g5A9B8
Nebraska,Boyd,g5A9B8
Nebraska,Brown,g5A9B8
Nebraska,Buffalo,g5A9B8
Nebraska,Burt,g5A9B8
Nebraska,Butler,g5A9B8
Nebraska,Cass,g5A9B8
Nebraska,Cedar,g5A9B8
Nebraska,Chase,gggggg
Nebraska,Cherry,g5A9B8
Nebraska,Cheyenne,g5A9B8
Nebraska,Clay,gggggg
Nebraska,Colfax,g5A9B8
Nebraska,Cuming,g5A9B8
Nebraska,Custer,g5A9B8
Nebraska,Dakota,g5A9B8
Nebraska,Dawes,g5A9B8
Nebraska,Dawson,g5A9B8
Nebraska,Deuel,g5A9B8
Nebraska,Dixon,g5A9B8
Nebraska,Dodge,g5A9B8
Nebraska,Douglas,g5A9B8
Nebraska,Dundy,gggggg
Nebraska,Fillmore,gggggg
Nebraska,Franklin,gggggg
Nebraska,Frontier,gggggg
Nebraska,Furnas,gggggg
Nebraska,Gage,gggggg
Nebraska,Garden,g5A9B8
Nebraska,Garfield,g5A9B8
Nebraska,Gosper,gggggg
Nebraska,Grant,g5A9B8
Nebraska,Greeley,g5A9B8
Nebraska,Hall,g5A9B8
Nebraska,Hamilton,g5A9B8
Nebraska,Harlan,gggggg
Nebraska,Hayes,gggggg
Nebraska,Hitchcock,gggggg
Nebraska,Holt,g5A9B8
Nebraska,Hooker,g5A9B8
Nebraska,Howard,g5A9B8
Nebraska,Jefferson,gggggg
Nebraska,Johnson,gggggg
Nebraska,Kearney,gggggg
Nebraska,Keith,g5A9B8
Nebraska,Keya Paha,g5A9B8
Nebraska,Kimball,g5A9B8
Nebraska,Knox,g5A9B8
Nebraska,Lancaster,g5A9B8
Nebraska,Lincoln,g5A9B8
Nebraska,Logan,g5A9B8
Nebraska,Loup,g5A9B8
Nebraska,Madison,g5A9B8
Nebraska,Mcpherson,g5A9B8
Nebraska,Merrick,g5A9B8
Nebraska,Morrill,g5A9B8
Nebraska,Nance,g5A9B8
Nebraska,Nemaha,gggggg
Nebraska,Nuckolls,gggggg
Nebraska,Otoe,gggggg
Nebraska,Pawnee,gggggg
Nebraska,Perkins,g5A9B8
Nebraska,Phelps,gggggg
Nebraska,Pierce,g5A9B8
Nebraska,Platte,g5A9B8
Nebraska,Polk,g5A9B8
Nebraska,Red Willow,gggggg
Nebraska,Richardson,gggggg
Nebraska,Rock,g5A9B8
Nebraska,Saline,gggggg
Nebraska,Sarpy,g5A9B8
Nebraska,Saunders,g5A9B8
Nebraska,Scotts Bluff,g5A9B8
Nebraska,Seward,g5A9B8
Nebraska,Sheridan,g5A9B8
Nebraska,Sherman,g5A9B8
Nebraska,Sioux,g5A9B8
Nebraska,Stanton,g5A9B8
Nebraska,Thayer,gggggg
Nebraska,Thomas,g5A9B8
Nebraska,Thurston,g5A9B8
Nebraska,Valley,g5A9B8
Nebraska,Washington,g5A9B8
Nebraska,Wayne,g5A9B8
Nebraska,Webster,gggggg
Nebraska,Wheeler,g5A9B8
Nebraska,York,g5A9B8
Nevada,Carson City,gggggg
Nevada,Churchill,gggggg
Nevada,Clark,g5A9B8
Nevada,Douglas,gggggg
Nevada,Elko,g5A9B8
Nevada,Esmeralda,gggggg
Nevada,Eureka,gggggg
Nevada,Humboldt,g5A9B8
Nevada,Lander,gggggg
Nevada,Lincoln,gggggg
Nevada,Lyon,gggggg
Nevada,Mineral,gggggg
Nevada,Nye,gggggg
Nevada,Pershing,g5A9B8
Nevada,Storey,gggggg
Nevada,Washoe,g5A9B8
Nevada,White Pine,gggggg
New Hampshire,Belknap,g5A9B8
New Hampshire,Carroll,g5A9B8
New Hampshire,Cheshire,g5A9B8
New Hampshire,Coos,5BCEgA
New Hampshire,Grafton,g5A9B8
New Hampshire,Hillsborough,g5A9B8
New Hampshire,Merrimack,g5A9B8
New Hampshire,Rockingham,g5A9B8
New Hampshire,Strafford,g5A9B8
New Hampshire,Sullivan,g5A9B8
New Jersey,Atlantic,gggggg
New Jersey,Bergen,g5A9B8
New Jersey,Burlington,gggggg
New Jersey,Camden,gggggg
New Jersey,Cape May,gggggg
New Jersey,Cumberland,gggggg
New Jersey,Essex,g5A9B8
New Jersey,Gloucester,gggggg
New Jersey,Hudson,gggggg
New Jersey,Hunterdon,gggggg
New Jersey,Mercer,gggggg
New Jersey,Middlesex,gggggg
New Jersey,Monmouth,gggggg
New Jersey,Morris,g5A9B8
New Jersey,Ocean,gggggg
New Jersey,Passaic,g5A9B8
New Jersey,Salem,gggggg
New Jersey,Somerset,gggggg
New Jersey,Sussex,g5A9B8
New Jersey,Union,gggggg
New Jersey,Warren,g5A9B8
New Mexico,Bernalillo,g5A9B8
New Mexico,Catron,g5A9B8
New Mexico,Chaves,g5A9B8
New Mexico,Cibola,g5A9B8
New Mexico,Colfax,g5A9B8
New Mexico,Curry,g5A9B8
New Mexico,De Baca,g5A9B8
New Mexico,Dona Ana,5BCEgA
New Mexico,Eddy,5BCEgA
New Mexico,Grant,5BCEgA
New Mexico,Guadalupe,g5A9B8
New Mexico,Harding,g5A9B8
New Mexico,Hidalgo,5BCEgA
New Mexico,Lea,5BCEgA
New Mexico,Lincoln,g5A9B8
New Mexico,Los Alamos,g5A9B8
New Mexico,Luna,5BCEgA
New Mexico,Mckinley,g5A9B8
New Mexico,Mora,g5A9B8
New Mexico,Otero,5BCEgA
New Mexico,Quay,g5A9B8
New Mexico,Rio Arriba,g5A9B8
New Mexico,Roosevelt,g5A9B8
New Mexico,San Juan,g5A9B8
New Mexico,San Miguel,g5A9B8
New Mexico,Sandoval,g5A9B8
New Mexico,Santa Fe,g5A9B8
New Mexico,Sierra,g5A9B8
New Mexico,Socorro,g5A9B8
New Mexico,Taos,g5A9B8
New Mexico,Torrance,g5A9B8
New Mexico,Union,g5A9B8
New Mexico,Valencia,g5A9B8
New York,Albany,g5A9B8
New York,Allegany,g5A9B8
New York,Bronx,g5A9B8
New York,Broome,g5A9B8
New York,Cattaraugus,g5A9B8
New York,Cayuga,g5A9B8
New York,Chautauqua,g5A9B8
New York,Chemung,g5A9B8
New York,Chenango,g5A9B8
New York,Clinton,g5A9B8
New York,Columbia,g5A9B8
New York,Cortland,g5A9B8
New York,Delaware,g5A9B8
New York,Dutchess,g5A9B8
New York,Erie,g5A9B8
New York,Essex,g5A9B8
New York,Franklin,g5A9B8
New York,Fulton,g5A9B8
New York,Genesee,g5A9B8
New York,Greene,g5A9B8
New York,Hamilton,g5A9B8
New York,Herkimer,g5A9B8
New York,Jefferson,g5A9B8
New York,Kings,gggggg
New York,Lewis,g5A9B8
New York,Livingston,g5A9B8
New York,Madison,g5A9B8
New York,Monroe,g5A9B8
New York,Montgomery,g5A9B8
New York,Nassau,g5A9B8
New York,New York,gggggg
New York,Niagara,g5A9B8
New York,Oneida,g5A9B8
New York,Onondaga,g5A9B8
New York,Ontario,g5A9B8
New York,Orange,g5A9B8
New York,Orleans,g5A9B8
New York,Oswego,g5A9B8
New York,Otsego,g5A9B8
New York,Putnam,g5A9B8
New York,Queens,gggggg
New York,Rensselaer,g5A9B8
New York,Richmond,gggggg
New York,Rockland,g5A9B8
New York,Saratoga,g5A9B8
New York,Schenectady,g5A9B8
New York,Schoharie,g5A9B8
New York,Schuyler,g5A9B8
New York,Seneca,g5A9B8
New York,St Lawrence,g5A9B8
New York,Steuben,g5A9B8
New York,Suffolk,g5A9B8
New York,Sullivan,g5A9B8
New York,Tioga,g5A9B8
New York,Tompkins,g5A9B8
New York,Ulster,g5A9B8
New York,Warren,g5A9B8
New York,Washington,g5A9B8
New York,Wayne,g5A9B8
New York,Westchester,g5A9B8
New York,Wyoming,g5A9B8
New York,Yates,g5A9B8
North Carolina,Alamance,g5A9B8
North Carolina,Alexander,g5A9B8
North Carolina,Alleghany,g5A9B8
North Carolina,Anson,g5A9B8
North Carolina,Ashe,g5A9B8
North Carolina,Avery,g5A9B8
North Carolina,Beaufort,g5A9B8
North Carolina,Bertie,g5A9B8
North Carolina,Bladen,g5A9B8
North Carolina,Brunswick,g5A9B8
North Carolina,Buncombe,g5A9B8
North Carolina,Burke,g5A9B8
North Carolina,Cabarrus,g5A9B8
North Carolina,Caldwell,g5A9B8
North Carolina,Camden,g5A9B8
North Carolina,Carteret,g5A9B8
North Carolina,Caswell,g5A9B8
North Carolina,Catawba,g5A9B8
North Carolina,Chatham,g5A9B8
North Carolina,Cherokee,g5A9B8
North Carolina,Chowan,g5A9B8
North Carolina,Clay,g5A9B8
North Carolina,Cleveland,g5A9B8
North Carolina,Columbus,g5A9B8
North Carolina,Craven,g5A9B8
North Carolina,Cumberland,g5A9B8
North Carolina,Currituck,g5A9B8
North Carolina,Dare,g5A9B8
North Carolina,Davidson,g5A9B8
North Carolina,Davie,g5A9B8
North Carolina,Duplin,g5A9B8
North Carolina,Durham,g5A9B8
North Carolina,Edgecombe,g5A9B8
North Carolina,Forsyth,g5A9B8
North Carolina,Franklin,g5A9B8
North Carolina,Gaston,g5A9B8
North Carolina,Gates,g5A9B8
North Carolina,Graham,g5A9B8
North Carolina,Granville,g5A9B8
North Carolina,Greene,g5A9B8
North Carolina,Guilford,g5A9B8
North Carolina,Halifax,g5A9B8
North Carolina,Harnett,g5A9B8
North Carolina,Haywood,g5A9B8
North Carolina,Henderson,g5A9B8
North Carolina,Hertford,g5A9B8
North Carolina,Hoke,g5A9B8
North Carolina,Hyde,g5A9B8
North Carolina,Iredell,g5A9B8
North Carolina,Jackson,g5A9B8
North Carolina,Johnston,g5A9B8
North Carolina,Jones,g5A9B8
North Carolina,Lee,g5A9B8
North Carolina,Lenoir,g5A9B8
North Carolina,Lincoln,g5A9B8
North Carolina,Macon,g5A9B8
North Carolina,Madison,g5A9B8
North Carolina,Martin,g5A9B8
North Carolina,Mcdowell,g5A9B8
North Carolina,Mecklenburg,g5A9B8
North Carolina,Mitchell,g5A9B8
North Carolina,Montgomery,g5A9B8
North Carolina,Moore,g5A9B8
North Carolina,Nash,g5A9B8
North Carolina,New Hanover,g5A9B8
North Carolina,Northampton,g5A9B8
North Carolina,Onslow,g5A9B8
North Carolina,Orange,g5A9B8
North Carolina,Pamlico,g5A9B8
North Carolina,Pasquotank,g5A9B8
North Carolina,Pender,g5A9B8
North Carolina,Perquimans,g5A9B8
North Carolina,Person,g5A9B8
North Carolina,Pitt,g5A9B8
North Carolina,Polk,g5A9B8
North Carolina,Randolph,g5A9B8
North Carolina,Richmond,g5A9B8
North Carolina,Robeson,g5A9B8
North Carolina,Rockingham,g5A9B8
North Carolina,Rowan,g5A9B8
North Carolina,Rutherford,g5A9B8
North Carolina,Sampson,g5A9B8
North Carolina,Scotland,g5A9B8
North Carolina,Stanly,g5A9B8
North Carolina,Stokes,g5A9B8
North Carolina,Surry,g5A9B8
North Carolina,Swain,g5A9B8
North Carolina,Transylvania,g5A9B8
North Carolina,Tyrrell,g5A9B8
North Carolina,Union,g5A9B8
North Carolina,Vance,g5A9B8
North Carolina,Wake,g5A9B8
North Carolina,Warren,g5A9B8
North Carolina,Washington,g5A9B8
North Carolina,Watauga,g5A9B8
North Carolina,Wayne,g5A9B8
North Carolina,Wilkes,g5A9B8
North Carolina,Wilson,g5A9B8
North Carolina,Yadkin,g5A9B8
North Carolina,Yancey,g5A9B8
North Dakota,Adams,5BCEgA
North Dakota,Barnes,5BCEgA
North Dakota,Benson,5BCEgA
North Dakota,Billings,5BCEgA
North Dakota,Bottineau,5BCEgA
North Dakota,Bowman,5BCEgA
North Dakota,Burke,5BCEgA
North Dakota,Burleigh,5BCEgA
North Dakota,Cass,5BCEgA
North Dakota,Cavalier,5BCEgA
North Dakota,Dickey,5BCEgA
North Dakota,Divide,5BCEgA
North Dakota,Dunn,5BCEgA
North Dakota,Eddy,5BCEgA
North Dakota,Emmons,5BCEgA
North Dakota,Foster,5BCEgA
North Dakota,Golden Valley,5BCEgA
North Dakota,Grand Forks,5BCEgA
North Dakota,Grant,5BCEgA
North Dakota,Griggs,5BCEgA
North Dakota,Hettinger,5BCEgA
North Dakota,Kidder,5BCEgA
North Dakota,La Moure,5BCEgA
North Dakota,Logan,5BCEgA
North Dakota,Mchenry,5BCEgA
North Dakota,Mcintosh,5BCEgA
North Dakota,Mckenzie,5BCEgA
North Dakota,Mclean,5BCEgA
North Dakota,Mercer,5BCEgA
North Dakota,Morton,5BCEgA
North Dakota,Mountrail,5BCEgA
North Dakota,Nelson,5BCEgA
North Dakota,Oliver,5BCEgA
North Dakota,Pembina,5BCEgA
North Dakota,Pierce,5BCEgA
North Dakota,Ramsey,5BCEgA
North Dakota,Ransom,5BCEgA
North Dakota,Renville,5BCEgA
North Dakota,Richland,5BCEgA
North Dakota,Rolette,5BCEgA
North Dakota,Sargent,5BCEgA
North Dakota,Sheridan,5BCEgA
North Dakota,Sioux,5BCEgA
North Dakota,Slope,5BCEgA
North Dakota,Stark,5BCEgA
North Dakota,Steele,5BCEgA
North Dakota,Stutsman,5BCEgA
North Dakota,Towner,5BCEgA
North Dakota,Traill,5BCEgA
North Dakota,Walsh,5BCEgA
North Dakota,Ward,5BCEgA
North Dakota,Wells,5BCEgA
North Dakota,Williams,5BCEgA
Ohio,Adams,gggggg
Ohio,Allen,g5A9B8
Ohio,Ashland,g5A9B8
Ohio,Ashtabula,g5A9B8
Ohio,Athens,gggggg
Ohio,Auglaize,gggggg
Ohio,Belmont,gggggg
Ohio,Brown,gggggg
Ohio,Butler,gggggg
Ohio,Carroll,gggggg
Ohio,Champaign,gggggg
Ohio,Clark,gggggg
Ohio,Clermont,gggggg
Ohio,Clinton,gggggg
Ohio,Columbiana,g5A9B8
Ohio,Coshocton,gggggg
Ohio,Crawford,g5A9B8
Ohio,Cuyahoga,g5A9B8
Ohio,Darke,gggggg
Ohio,Defiance,g5A9B8
Ohio,Delaware,gggggg
Ohio,Erie,g5A9B8
Ohio,Fairfield,gggggg
Ohio,Fayette,gggggg
Ohio,Franklin,gggggg
Ohio,Fulton,g5A9B8
Ohio,Gallia,gggggg
Ohio,Geauga,g5A9B8
Ohio,Greene,gggggg
Ohio,Guernsey,gggggg
Ohio,Hamilton,gggggg
Ohio,Hancock,g5A9B8
Ohio,Hardin,gggggg
Ohio,Harrison,gggggg
Ohio,Henry,g5A9B8
Ohio,Highland,gggggg
Ohio,Hocking,gggggg
Ohio,Holmes,gggggg
Ohio,Huron,g5A9B8
Ohio,Jackson,gggggg
Ohio,Jefferson,gggggg
Ohio,Knox,gggggg
Ohio,Lake,g5A9B8
Ohio,Lawrence,gggggg
Ohio,Licking,gggggg
Ohio,Logan,gggggg
Ohio,Lorain,g5A9B8
Ohio,Lucas,g5A9B8
Ohio,Madison,gggggg
Ohio,Mahoning,g5A9B8
Ohio,Marion,gggggg
Ohio,Medina,g5A9B8
Ohio,Meigs,gggggg
Ohio,Mercer,gggggg
Ohio,Miami,gggggg
Ohio,Monroe,gggggg
Ohio,Montgomery,gggggg
Ohio,Morgan,gggggg
Ohio,Morrow,gggggg
Ohio,Muskingum,gggggg
Ohio,Noble,gggggg
Ohio,Ottawa,g5A9B8
Ohio,Paulding,g5A9B8
Ohio,Perry,gggggg
Ohio,Pickaway,gggggg
Ohio,Pike,gggggg
Ohio,Portage,g5A9B8
Ohio,Preble,gggggg
Ohio,Putnam,g5A9B8
Ohio,Richland,g5A9B8
Ohio,Ross,gggggg
Ohio,Sandusky,g5A9B8
Ohio,Scioto,gggggg
Ohio,Seneca,g5A9B8
Ohio,Shelby,gggggg
Ohio,Stark,g5A9B8
Ohio,Summit,g5A9B8
Ohio,Trumbull,g5A9B8
Ohio,Tuscarawas,gggggg
Ohio,Union,gggggg
Ohio,Van Wert,g5A9B8
Ohio,Vinton,gggggg
Ohio,Warren,gggggg
Ohio,Washington,gggggg
Ohio,Wayne,g5A9B8
Ohio,Williams,g5A9B8
Ohio,Wood,g5A9B8
Ohio,Wyandot,g5A9B8
Oklahoma,Adair,g5A9B8
Oklahoma,Alfalfa,g5A9B8
Oklahoma,Atoka,g5A9B8
Oklahoma,Beaver,g5A9B8
Oklahoma,Beckham,g5A9B8
Oklahoma,Blaine,g5A9B8
Oklahoma,Bryan,g5A9B8
Oklahoma,Caddo,g5A9B8
Oklahoma,Canadian,g5A9B8
Oklahoma,Carter,g5A9B8
Oklahoma,Cherokee,g5A9B8
Oklahoma,Choctaw,g5A9B8
Oklahoma,Cimarron,g5A9B8
Oklahoma,Cleveland,g5A9B8
Oklahoma,Coal,g5A9B8
Oklahoma,Comanche,g5A9B8
Oklahoma,Cotton,g5A9B8
Oklahoma,Craig,g5A9B8
Oklahoma,Creek,g5A9B8
Oklahoma,Custer,g5A9B8
Oklahoma,Delaware,g5A9B8
Oklahoma,Dewey,g5A9B8
Oklahoma,Ellis,g5A9B8
Oklahoma,Garfield,g5A9B8
Oklahoma,Garvin,g5A9B8
Oklahoma,Grady,g5A9B8
Oklahoma,Grant,g5A9B8
Oklahoma,Greer,g5A9B8
Oklahoma,Harmon,g5A9B8
Oklahoma,Harper,g5A9B8
Oklahoma,Haskell,g5A9B8
Oklahoma,Hughes,g5A9B8
Oklahoma,Jackson,g5A9B8
Oklahoma,Jefferson,g5A9B8
Oklahoma,Johnston,g5A9B8
Oklahoma,Kay,g5A9B8
Oklahoma,Kingfisher,g5A9B8
Oklahoma,Kiowa,g5A9B8
Oklahoma,Latimer,g5A9B8
Oklahoma,Le Flore,g5A9B8
Oklahoma,Lincoln,g5A9B8
Oklahoma,Logan,g5A9B8
Oklahoma,Love,g5A9B8
Oklahoma,Major,g5A9B8
Oklahoma,Marshall,g5A9B8
Oklahoma,Mayes,g5A9B8
Oklahoma,Mcclain,g5A9B8
Oklahoma,Mccurtain,g5A9B8
Oklahoma,Mcintosh,g5A9B8
Oklahoma,Murray,g5A9B8
Oklahoma,Muskogee,g5A9B8
Oklahoma,Noble,g5A9B8
Oklahoma,Nowata,g5A9B8
Oklahoma,Okfuskee,g5A9B8
Oklahoma,Oklahoma,g5A9B8
Oklahoma,Okmulgee,g5A9B8
Oklahoma,Osage,g5A9B8
Oklahoma,Ottawa,gggggg
Oklahoma,Pawnee,g5A9B8
Oklahoma,Payne,g5A9B8
Oklahoma,Pittsburg,g5A9B8
Oklahoma,Pontotoc,g5A9B8
Oklahoma,Pottawatomie,g5A9B8
Oklahoma,Pushmataha,g5A9B8
Oklahoma,Roger Mills,g5A9B8
Oklahoma,Rogers,g5A9B8
Oklahoma,Seminole,g5A9B8
Oklahoma,Sequoyah,g5A9B8
Oklahoma,Stephens,g5A9B8
Oklahoma,Texas,g5A9B8
Oklahoma,Tillman,g5A9B8
Oklahoma,Tulsa,g5A9B8
Oklahoma,Wagoner,g5A9B8
Oklahoma,Washington,g5A9B8
Oklahoma,Washita,g5A9B8
Oklahoma,Woods,g5A9B8
Oklahoma,Woodward,g5A9B8
Oregon,Baker,g5A9B8
Oregon,Benton,g5A9B8
Oregon,Clackamas,5BCEgA
Oregon,Clatsop,5BCEgA
Oregon,Columbia,5BCEgA
Oregon,Coos,g5A9B8
Oregon,Crook,g5A9B8
Oregon,Curry,g5A9B8
Oregon,Deschutes,g5A9B8
Oregon,Douglas,g5A9B8
Oregon,Gilliam,5BCEgA
Oregon,Grant,g5A9B8
Oregon,Harney,g5A9B8
Oregon,Hood River,5BCEgA
Oregon,Jackson,g5A9B8
Oregon,Jefferson,g5A9B8
Oregon,Josephine,g5A9B8
Oregon,Klamath,g5A9B8
Oregon,Lake,g5A9B8
Oregon,Lane,g5A9B8
Oregon,Lincoln,g5A9B8
Oregon,Linn,g5A9B8
Oregon,Malheur,g5A9B8
Oregon,Marion,5BCEgA
Oregon,Morrow,5BCEgA
Oregon,Multnomah,5BCEgA
Oregon,Polk,g5A9B8
Oregon,Sherman,5BCEgA
Oregon,Tillamook,5BCEgA
Oregon,Umatilla,5BCEgA
Oregon,Union,5BCEgA
Oregon,Wallowa,5BCEgA
Oregon,Wasco,5BCEgA
Oregon,Washington,5BCEgA
Oregon,Wheeler,g5A9B8
Oregon,Yamhill,5BCEgA
Pennsylvania,Adams,gggggg
Pennsylvania,Allegheny,gggggg
Pennsylvania,Armstrong,g5A9B8
Pennsylvania,Beaver,gggggg
Pennsylvania,Bedford,gggggg
Pennsylvania,Berks,gggggg
Pennsylvania,Blair,gggggg
Pennsylvania,Bradford,g5A9B8
Pennsylvania,Bucks,gggggg
Pennsylvania,Butler,g5A9B8
Pennsylvania,Cambria,gggggg
Pennsylvania,Cameron,g5A9B8
Pennsylvania,Carbon,g5A9B8
Pennsylvania,Centre,g5A9B8
Pennsylvania,Chester,gggggg
Pennsylvania,Clarion,g5A9B8
Pennsylvania,Clearfield,g5A9B8
Pennsylvania,Clinton,g5A9B8
Pennsylvania,Columbia,g5A9B8
Pennsylvania,Crawford,g5A9B8
Pennsylvania,Cumberland,gggggg
Pennsylvania,Dauphin,gggggg
Pennsylvania,Delaware,gggggg
Pennsylvania,Elk,g5A9B8
Pennsylvania,Erie,g5A9B8
Pennsylvania,Fayette,gggggg
Pennsylvania,Forest,g5A9B8
Pennsylvania,Franklin,gggggg
Pennsylvania,Fulton,gggggg
Pennsylvania,Greene,gggggg
Pennsylvania,Huntingdon,gggggg
Pennsylvania,Indiana,g5A9B8
Pennsylvania,Jefferson,g5A9B8
Pennsylvania,Juniata,gggggg
Pennsylvania,Lackawanna,g5A9B8
Pennsylvania,Lancaster,gggggg
Pennsylvania,Lawrence,g5A9B8
Pennsylvania,Lebanon,gggggg
Pennsylvania,Lehigh,gggggg
Pennsylvania,Luzerne,g5A9B8
Pennsylvania,Lycoming,g5A9B8
Pennsylvania,Mckean,g5A9B8
Pennsylvania,Mercer,g5A9B8
Pennsylvania,Mifflin,gggggg
Pennsylvania,Monroe,g5A9B8
Pennsylvania,Montgomery,gggggg
Pennsylvania,Montour,g5A9B8
Pennsylvania,Northampton,g5A9B8
Pennsylvania,Northumberland,g5A9B8
Pennsylvania,Perry,gggggg
Pennsylvania,Philadelphia,gggggg
Pennsylvania,Pike,g5A9B8
Pennsylvania,Potter,g5A9B8
Pennsylvania,Schuylkill,g5A9B8
Pennsylvania,Snyder,g5A9B8
Pennsylvania,Somerset,gggggg
Pennsylvania,Sullivan,g5A9B8
Pennsylvania,Susquehanna,g5A9B8
Pennsylvania,Tioga,g5A9B8
Pennsylvania,Union,g5A9B8
Pennsylvania,Venango,g5A9B8
Pennsylvania,Warren,g5A9B8
Pennsylvania,Washington,gggggg
Pennsylvania,Wayne,g5A9B8
Pennsylvania,Westmoreland,gggggg
Pennsylvania,Wyoming,g5A9B8
Pennsylvania,York,gggggg
Rhode Island,Bristol,g5A9B8
Rhode Island,Kent,g5A9B8
Rhode Island,Newport,g5A9B8
Rhode Island,Providence,g5A9B8
Rhode Island,Washington,g5A9B8
South Carolina,Abbeville,g5A9B8
South Carolina,Aiken,g5A9B8
South Carolina,Allendale,g5A9B8
South Carolina,Anderson,g5A9B8
South Carolina,Bamberg,g5A9B8
South Carolina,Barnwell,g5A9B8
South Carolina,Beaufort,5BCEgA
South Carolina,Berkeley,g5A9B8
South Carolina,Calhoun,g5A9B8
South Carolina,Charleston,g5A9B8
South Carolina,Cherokee,g5A9B8
South Carolina,Chester,g5A9B8
South Carolina,Chesterfield,g5A9B8
South Carolina,Clarendon,g5A9B8
South Carolina,Colleton,g5A9B8
South Carolina,Darlington,g5A9B8
South Carolina,Dillon,g5A9B8
South Carolina,Dorchester,g5A9B8
South Carolina,Edgefield,g5A9B8
South Carolina,Fairfield,g5A9B8
South Carolina,Florence,g5A9B8
South Carolina,Georgetown,g5A9B8
South Carolina,Greenville,g5A9B8
South Carolina,Greenwood,g5A9B8
South Carolina,Hampton,g5A9B8
South Carolina,Horry,g5A9B8
South Carolina,Jasper,5BCEgA
South Carolina,Kershaw,g5A9B8
South Carolina,Lancaster,g5A9B8
South Carolina,Laurens,g5A9B8
South Carolina,Lee,g5A9B8
South Carolina,Lexington,g5A9B8
South Carolina,Marion,g5A9B8
South Carolina,Marlboro,g5A9B8
South Carolina,Mccormick,g5A9B8
South Carolina,Newberry,g5A9B8
South Carolina,Oconee,g5A9B8
South Carolina,Orangeburg,g5A9B8
South Carolina,Pickens,g5A9B8
South Carolina,Richland,g5A9B8
South Carolina,Saluda,g5A9B8
South Carolina,Spartanburg,g5A9B8
South Carolina,Sumter,g5A9B8
South Carolina,Union,g5A9B8
South Carolina,Williamsburg,g5A9B8
South Carolina,York,g5A9B8
South Dakota,Aurora,g5A9B8
South Dakota,Beadle,g5A9B8
South Dakota,Bennett,g5A9B8
South Dakota,Bon Homme,g5A9B8
South Dakota,Brookings,g5A9B8
South Dakota,Brown,5BCEgA
South Dakota,Brule,g5A9B8
South Dakota,Buffalo,g5A9B8
South Dakota,Butte,5BCEgA
South Dakota,Campbell,5BCEgA
South Dakota,Charles Mix,g5A9B8
South Dakota,Clark,5BCEgA
South Dakota,Clay,g5A9B8
South Dakota,Codington,5BCEgA
South Dakota,Corson,5BCEgA
South Dakota,Custer,g5A9B8
South Dakota,Davison,g5A9B8
South Dakota,Day,5BCEgA
South Dakota,Deuel,g5A9B8
South Dakota,Dewey,5BCEgA
South Dakota,Douglas,g5A9B8
South Dakota,Edmunds,5BCEgA
South Dakota,Fall River,g5A9B8
South Dakota,Faulk,5BCEgA
South Dakota,Grant,5BCEgA
South Dakota,Gregory,g5A9B8
South Dakota,Haakon,g5A9B8
South Dakota,Hamlin,g5A9B8
South Dakota,Hand,g5A9B8
South Dakota,Hanson,g5A9B8
South Dakota,Harding,5BCEgA
South Dakota,Hughes,g5A9B8
South Dakota,Hutchinson,g5A9B8
South Dakota,Hyde,g5A9B8
South Dakota,Jackson,g5A9B8
South Dakota,Jerauld,g5A9B8
South Dakota,Jones,g5A9B8
South Dakota,Kingsbury,g5A9B8
South Dakota,Lake,g5A9B8
South Dakota,Lawrence,g5A9B8
South Dakota,Lincoln,g5A9B8
South Dakota,Lyman,g5A9B8
South Dakota,Marshall,5BCEgA
South Dakota,Mccook,g5A9B8
South Dakota,Mcpherson,5BCEgA
South Dakota,Meade,g5A9B8
South Dakota,Mellette,g5A9B8
South Dakota,Miner,g5A9B8
South Dakota,Minnehaha,g5A9B8
South Dakota,Moody,g5A9B8
South Dakota,Oglala Lakota,g5A9B8
South Dakota,Pennington,g5A9B8
South Dakota,Perkins,5BCEgA
South Dakota,Potter,5BCEgA
South Dakota,Roberts,5BCEgA
South Dakota,Sanborn,g5A9B8
South Dakota,Spink,5BCEgA
South Dakota,Stanley,g5A9B8
South Dakota,Sully,g5A9B8
South Dakota,Todd,g5A9B8
South Dakota,Tripp,g5A9B8
South Dakota,Turner,g5A9B8
South Dakota,Union,g5A9B8
South Dakota,Walworth,5BCEgA
South Dakota,Yankton,g5A9B8
South Dakota,Ziebach,5BCEgA
Tennessee,Anderson,g5A9B8
Tennessee,Bedford,g5A9B8
Tennessee,Benton,g5A9B8
Tennessee,Bledsoe,g5A9B8
Tennessee,Blount,g5A9B8
Tennessee,Bradley,g5A9B8
Tennessee,Campbell,g5A9B8
Tennessee,Cannon,g5A9B8
Tennessee,Carroll,g5A9B8
Tennessee,Carter,g5A9B8
Tennessee,Cheatham,g5A9B8
Tennessee,Chester,g5A9B8
Tennessee,Claiborne,g5A9B8
Tennessee,Clay,g5A9B8
Tennessee,Cocke,g5A9B8
Tennessee,Coffee,g5A9B8
Tennessee,Crockett,g5A9B8
Tennessee,Cumberland,g5A9B8
Tennessee,Davidson,g5A9B8
Tennessee,De Kalb,g5A9B8
Tennessee,Decatur,g5A9B8
Tennessee,Dickson,g5A9B8
Tennessee,Dyer,g5A9B8
Tennessee,Fayette,g5A9B8
Tennessee,Fentress,g5A9B8
Tennessee,Franklin,g5A9B8
Tennessee,Gibson,g5A9B8
Tennessee,Giles,g5A9B8
Tennessee,Grainger,g5A9B8
Tennessee,Greene,g5A9B8
Tennessee,Grundy,g5A9B8
Tennessee,Hamblen,g5A9B8
Tennessee,Hamilton,g5A9B8
Tennessee,Hancock,g5A9B8
Tennessee,Hardeman,g5A9B8
Tennessee,Hardin,g5A9B8
Tennessee,Hawkins,g5A9B8
Tennessee,Haywood,g5A9B8
Tennessee,Henderson,g5A9B8
Tennessee,Henry,g5A9B8
Tennessee,Hickman,g5A9B8
Tennessee,Houston,g5A9B8
Tennessee,Humphreys,g5A9B8
Tennessee,Jackson,g5A9B8
Tennessee,Jefferson,g5A9B8
Tennessee,Johnson,g5A9B8
Tennessee,Knox,g5A9B8
Tennessee,Lake,g5A9B8
Tennessee,Lauderdale,g5A9B8
Tennessee,Lawrence,g5A9B8
Tennessee,Lewis,g5A9B8
Tennessee,Lincoln,g5A9B8
Tennessee,Loudon,g5A9B8
Tennessee,Macon,g5A9B8
Tennessee,Madison,g5A9B8
Tennessee,Marion,g5A9B8
Tennessee,Marshall,g5A9B8
Tennessee,Maury,g5A9B8
Tennessee,Mcminn,g5A9B8
Tennessee,Mcnairy,g5A9B8
Tennessee,Meigs,g5A9B8
Tennessee,Monroe,g5A9B8
Tennessee,Montgomery,g5A9B8
Tennessee,Moore,g5A9B8
Tennessee,Morgan,g5A9B8
Tennessee,Obion,g5A9B8
Tennessee,Overton,g5A9B8
Tennessee,Perry,g5A9B8
Tennessee,Pickett,g5A9B8
Tennessee,Polk,g5A9B8
Tennessee,Putnam,g5A9B8
Tennessee,Rhea,g5A9B8
Tennessee,Roane,g5A9B8
Tennessee,Robertson,g5A9B8
Tennessee,Rutherford,g5A9B8
Tennessee,Scott,g5A9B8
Tennessee,Sequatchie,g5A9B8
Tennessee,Sevier,g5A9B8
Tennessee,Shelby,g5A9B8
Tennessee,Smith,g5A9B8
Tennessee,Stewart,g5A9B8
Tennessee,Sullivan,g5A9B8
Tennessee,Sumner,g5A9B8
Tennessee,Tipton,g5A9B8
Tennessee,Trousdale,g5A9B8
Tennessee,Unicoi,g5A9B8
Tennessee,Union,g5A9B8
Tennessee,Van Buren,g5A9B8
Tennessee,Warren,g5A9B8
Tennessee,Washington,g5A9B8
Tennessee,Wayne,g5A9B8
Tennessee,Weakley,g5A9B8
Tennessee,White,g5A9B8
Tennessee,Williamson,g5A9B8
Tennessee,Wilson,g5A9B8
Texas,Anderson,5BCEgA
Texas,Andrews,5BCEgA
Texas,Angelina,5BCEgA
Texas,Aransas,5BCEgA
Texas,Archer,g5A9B8
Texas,Armstrong,g5A9B8
Texas,Atascosa,5BCEgA
Texas,Austin,5BCEgA
Texas,Bailey,g5A9B8
Texas,Bandera,5BCEgA
Texas,Bastrop,5BCEgA
Texas,Baylor,g5A9B8
Texas,Bee,5BCEgA
Texas,Bell,5BCEgA
Texas,Bexar,5BCEgA
Texas,Blanco,5BCEgA
Texas,Borden,g5A9B8
Texas,Bosque,5BCEgA
Texas,Bowie,g5A9B8
Texas,Brazoria,5BCEgA
Texas,Brazos,5BCEgA
Texas,Brewster,5BCEgA
Texas,Briscoe,g5A9B8
Texas,Brooks,5BCEgA
Texas,Brown,5BCEgA
Texas,Burleson,5BCEgA
Texas,Burnet,5BCEgA
Texas,Caldwell,5BCEgA
Texas,Calhoun,5BCEgA
Texas,Callahan,5BCEgA
Texas,Cameron,5BCEgA
Texas,Camp,g5A9B8
Texas,Carson,g5A9B8
Texas,Cass,g5A9B8
Texas,Castro,g5A9B8
Texas,Chambers,5BCEgA
Texas,Cherokee,5BCEgA
Texas,Childress,g5A9B8
Texas,Clay,g5A9B8
Texas,Cochran,g5A9B8
Texas,Coke,5BCEgA
Texas,Coleman,5BCEgA
Texas,Collin,g5A9B8
Texas,Collingsworth,g5A9B8
Texas,Colorado,5BCEgA
Texas,Comal,5BCEgA
Texas,Comanche,5BCEgA
Texas,Concho,5BCEgA
Texas,Cooke,g5A9B8
Texas,Coryell,5BCEgA
Texas,Cottle,g5A9B8
Texas,Crane,5BCEgA
Texas,Crockett,5BCEgA
Texas,Crosby,g5A9B8
Texas,Culberson,5BCEgA
Texas,Dallam,g5A9B8
Texas,Dallas,g5A9B8
Texas,Dawson,g5A9B8
Texas,De Witt,5BCEgA
Texas,Deaf Smith,g5A9B8
Texas,Delta,g5A9B8
Texas,Denton,g5A9B8
Texas,Dickens,g5A9B8
Texas,Dimmit,5BCEgA
Texas,Donley,g5A9B8
Texas,Duval,5BCEgA
Texas,Eastland,5BCEgA
Texas,Ector,5BCEgA
Texas,Edwards,5BCEgA
Texas,El Paso,5BCEgA
Texas,Ellis,5BCEgA
Texas,Erath,5BCEgA
Texas,Falls,5BCEgA
Texas,Fannin,g5A9B8
Texas,Fayette,5BCEgA
Texas,Fisher,g5A9B8
Texas,Floyd,g5A9B8
Texas,Foard,g5A9B8
Texas,Fort Bend,5BCEgA
Texas,Franklin,g5A9B8
Texas,Freestone,5BCEgA
Texas,Frio,5BCEgA
Texas,Gaines,g5A9B8
Texas,Galveston,5BCEgA
Texas,Garza,g5A9B8
Texas,Gillespie,5BCEgA
Texas,Glasscock,5BCEgA
Texas,Goliad,5BCEgA
Texas,Gonzales,5BCEgA
Texas,Gray,g5A9B8
Texas,Grayson,g5A9B8
Texas,Gregg,g5A9B8
Texas,Grimes,5BCEgA
Texas,Guadalupe,5BCEgA
Texas,Hale,g5A9B8
Texas,Hall,g5A9B8
Texas,Hamilton,5BCEgA
Texas,Hansford,g5A9B8
Texas,Hardeman,g5A9B8
Texas,Hardin,5BCEgA
Texas,Harris,5BCEgA
Texas,Harrison,5BCEgA
Texas,Hartley,g5A9B8
Texas,Haskell,g5A9B8
Texas,Hays,5BCEgA
Texas,Hemphill,g5A9B8
Texas,Henderson,5BCEgA
Texas,Hidalgo,5BCEgA
Texas,Hill,5BCEgA
Texas,Hockley,g5A9B8
Texas,Hood,5BCEgA
Texas,Hopkins,g5A9B8
Texas,Houston,5BCEgA
Texas,Howard,5BCEgA
Texas,Hudspeth,5BCEgA
Texas,Hunt,g5A9B8
Texas,Hutchinson,g5A9B8
Texas,Irion,5BCEgA
Texas,Jack,g5A9B8
Texas,Jackson,5BCEgA
Texas,Jasper,5BCEgA
Texas,Jeff Davis,5BCEgA
Texas,Jefferson,5BCEgA
Texas,Jim Hogg,5BCEgA
Texas,Jim Wells,5BCEgA
Texas,Johnson,5BCEgA
Texas,Jones,g5A9B8
Texas,Karnes,5BCEgA
Texas,Kaufman,5BCEgA
Texas,Kendall,5BCEgA
Texas,Kenedy,5BCEgA
Texas,Kent,g5A9B8
Texas,Kerr,5BCEgA
Texas,Kimble,5BCEgA
Texas,King,g5A9B8
Texas,Kinney,5BCEgA
Texas,Kleberg,5BCEgA
Texas,Knox,g5A9B8
Texas,La Salle,5BCEgA
Texas,Lamar,g5A9B8
Texas,Lamb,g5A9B8
Texas,Lampasas,5BCEgA
Texas,Lavaca,5BCEgA
Texas,Lee,5BCEgA
Texas,Leon,5BCEgA
Texas,Liberty,5BCEgA
Texas,Limestone,5BCEgA
Texas,Lipscomb,g5A9B8
Texas,Live Oak,5BCEgA
Texas,Llano,5BCEgA
Texas,Loving,5BCEgA
Texas,Lubbock,g5A9B8
Texas,Lynn,g5A9B8
Texas,Madison,5BCEgA
Texas,Marion,g5A9B8
Texas,Martin,5BCEgA
Texas,Mason,5BCEgA
Texas,Matagorda,5BCEgA
Texas,Maverick,5BCEgA
Texas,Mcculloch,5BCEgA
Texas,Mclennan,5BCEgA
Texas,Mcmullen,5BCEgA
Texas,Medina,5BCEgA
Texas,Menard,5BCEgA
Texas,Midland,5BCEgA
Texas,Milam,5BCEgA
Texas,Mills,5BCEgA
Texas,Mitchell,5BCEgA
Texas,Montague,g5A9B8
Texas,Montgomery,5BCEgA
Texas,Moore,g5A9B8
Texas,Morris,g5A9B8
Texas,Motley,g5A9B8
Texas,Nacogdoches,5BCEgA
Texas,Navarro,5BCEgA
Texas,Newton,5BCEgA
Texas,Nolan,5BCEgA
Texas,Nueces,5BCEgA
Texas,Ochiltree,g5A9B8
Texas,Oldham,g5A9B8
Texas,Orange,5BCEgA
Texas,Palo Pinto,g5A9B8
Texas,Panola,5BCEgA
Texas,Parker,g5A9B8
Texas,Parmer,g5A9B8
Texas,Pecos,5BCEgA
Texas,Polk,5BCEgA
Texas,Potter,g5A9B8
Texas,Presidio,5BCEgA
Texas,Rains,g5A9B8
Texas,Randall,g5A9B8
Texas,Reagan,5BCEgA
Texas,Real,5BCEgA
Texas,Red River,g5A9B8
Texas,Reeves,5BCEgA
Texas,Refugio,5BCEgA
Texas,Roberts,g5A9B8
Texas,Robertson,5BCEgA
Texas,Rockwall,g5A9B8
Texas,Runnels,5BCEgA
Texas,Rusk,5BCEgA
Texas,Sabine,5BCEgA
Texas,San Augustine,5BCEgA
Texas,San Jacinto,5BCEgA
Texas,San Patricio,5BCEgA
Texas,San Saba,5BCEgA
Texas,Schleicher,5BCEgA
Texas,Scurry,g5A9B8
Texas,Shackelford,g5A9B8
Texas,Shelby,5BCEgA
Texas,Sherman,g5A9B8
Texas,Smith,5BCEgA
Texas,Somervell,5BCEgA
Texas,Starr,5BCEgA
Texas,Stephens,g5A9B8
Texas,Sterling,5BCEgA
Texas,Stonewall,g5A9B8
Texas,Sutton,5BCEgA
Texas,Swisher,g5A9B8
Texas,Tarrant,g5A9B8
Texas,Taylor,5BCEgA
Texas,Terrell,5BCEgA
Texas,Terry,g5A9B8
Texas,Throckmorton,g5A9B8
Texas,Titus,g5A9B8
Texas,Tom Green,5BCEgA
Texas,Travis,5BCEgA
Texas,Trinity,5BCEgA
Texas,Tyler,5BCEgA
Texas,Upshur,g5A9B8
Texas,Upton,5BCEgA
Texas,Uvalde,5BCEgA
Texas,Val Verde,5BCEgA
Texas,Van Zandt,5BCEgA
Texas,Victoria,5BCEgA
Texas,Walker,5BCEgA
Texas,Waller,5BCEgA
Texas,Ward,5BCEgA
Texas,Washington,5BCEgA
Texas,Webb,5BCEgA
Texas,Wharton,5BCEgA
Texas,Wheeler,g5A9B8
Texas,Wichita,g5A9B8
Texas,Wilbarger,g5A9B8
Texas,Willacy,5BCEgA
Texas,Williamson,5BCEgA
Texas,Wilson,5BCEgA
Texas,Winkler,5BCEgA
Texas,Wise,g5A9B8
Texas,Wood,g5A9B8
Texas,Yoakum,g5A9B8
Texas,Young,g5A9B8
Texas,Zapata,5BCEgA
Texas,Zavala,5BCEgA
Utah,Beaver,gggggg
Utah,Box Elder,g5A9B8
Utah,Cache,g5A9B8
Utah,Carbon,gggggg
Utah,Daggett,g5A9B8
Utah,Davis,g5A9B8
Utah,Duchesne,gggggg
Utah,Emery,gggggg
Utah,Garfield,gggggg
Utah,Grand,gggggg
Utah,Iron,gggggg
Utah,Juab,gggggg
Utah,Kane,gggggg
Utah,Millard,gggggg
Utah,Morgan,g5A9B8
Utah,Piute,gggggg
Utah,Rich,g5A9B8
Utah,Salt Lake,g5A9B8
Utah,San Juan,gggggg
Utah,Sanpete,gggggg
Utah,Sevier,gggggg
Utah,Summit,g5A9B8
Utah,Tooele,g5A9B8
Utah,Uintah,gggggg
Utah,Utah,gggggg
Utah,Wasatch,gggggg
Utah,Washington,gggggg
Utah,Wayne,gggggg
Utah,Weber,g5A9B8
Vermont,Addison,g5A9B8
Vermont,Bennington,g5A9B8
Vermont,Caledonia,g5A9B8
Vermont,Chittenden,g5A9B8
Vermont,Essex,g5A9B8
Vermont,Franklin,g5A9B8
Vermont,Grand Isle,g5A9B8
Vermont,Lamoille,g5A9B8
Vermont,Orange,g5A9B8
Vermont,Orleans,g5A9B8
Vermont,Rutland,g5A9B8
Vermont,Washington,g5A9B8
Vermont,Windham,g5A9B8
Vermont,Windsor,g5A9B8
Virginia,Accomack,gggggg
Virginia,Albemarle,gggggg
Virginia,Alleghany,gggggg
Virginia,Amelia,gggggg
Virginia,Amherst,gggggg
Virginia,Appomattox,gggggg
Virginia,Arlington,gggggg
Virginia,Augusta,gggggg
Virginia,Bath,gggggg
Virginia,Bedford,gggggg
Virginia,Bland,gggggg
Virginia,Botetourt,gggggg
Virginia,Brunswick,g5A9B8
Virginia,Buchanan,gggggg
Virginia,Buckingham,gggggg
Virginia,Campbell,gggggg
Virginia,Caroline,gggggg
Virginia,Carroll,g5A9B8
Virginia,Charles City,gggggg
Virginia,Charlotte,gggggg
Virginia,Chesterfield,gggggg
Virginia,Clarke,gggggg
Virginia,Craig,gggggg
Virginia,Culpeper,gggggg
Virginia,Cumberland,gggggg
Virginia,Dickenson,gggggg
Virginia,Dinwiddie,gggggg
Virginia,Essex,gggggg
Virginia,Fairfax,gggggg
Virginia,Fauquier,gggggg
Virginia,Floyd,gggggg
Virginia,Fluvanna,gggggg
Virginia,Franklin,gggggg
Virginia,Frederick,gggggg
Virginia,Giles,gggggg
Virginia,Gloucester,gggggg
Virginia,Goochland,gggggg
Virginia,Grayson,g5A9B8
Virginia,Greene,gggggg
Virginia,Greensville,g5A9B8
Virginia,Halifax,g5A9B8
Virginia,Hampton,gggggg
Virginia,Hanover,gggggg
Virginia,Henrico,gggggg
Virginia,Henry,g5A9B8
Virginia,Highland,gggggg
Virginia,Isle Of Wight,gggggg
Virginia,James City,gggggg
Virginia,King And Queen,gggggg
Virginia,King George,gggggg
Virginia,King William,gggggg
Virginia,Lancaster,gggggg
Virginia,Lee,g5A9B8
Virginia,Loudoun,gggggg
Virginia,Louisa,gggggg
Virginia,Lunenburg,gggggg
Virginia,Madison,gggggg
Virginia,Mathews,gggggg
Virginia,Mecklenburg,g5A9B8
Virginia,Middlesex,gggggg
Virginia,Montgomery,gggggg
Virginia,Nelson,gggggg
Virginia,New Kent,gggggg
Virginia,Newport News,gggggg
Virginia,Norfolk,g5A9B8
Virginia,Northampton,gggggg
Virginia,Northumberland,gggggg
Virginia,Nottoway,gggggg
Virginia,Orange,gggggg
Virginia,Page,gggggg
Virginia,Patrick,g5A9B8
Virginia,Pittsylvania,g5A9B8
Virginia,Powhatan,gggggg
Virginia,Prince Edward,gggggg
Virginia,Prince George,gggggg
Virginia,Prince William,gggggg
Virginia,Pulaski,gggggg
Virginia,Rappahannock,gggggg
Virginia,Richmond,gggggg
Virginia,Roanoke,gggggg
Virginia,Rockbridge,gggggg
Virginia,Rockingham,gggggg
Virginia,Russell,gggggg
Virginia,Scott,g5A9B8
Virginia,Shenandoah,gggggg
Virginia,Smyth,gggggg
Virginia,Southampton,g5A9B8
Virginia,Spotsylvania,gggggg
Virginia,Stafford,gggggg
Virginia,Suffolk,g5A9B8
Virginia,Surry,gggggg
Virginia,Sussex,gggggg
Virginia,Tazewell,gggggg
Virginia,Virginia Beach,g5A9B8
Virginia,Warren,gggggg
Virginia,Washington,g5A9B8
Virginia,Westmoreland,gggggg
Virginia,Wise,gggggg
Virginia,Wythe,gggggg
Virginia,York,gggggg
Washington,Adams,5BCEgA
Washington,Asotin,5BCEgA
Washington,Benton,5BCEgA
Washington,Chelan,5BCEgA
Washington,Clallam,5BCEgA
Washington,Clark,5BCEgA
Washington,Columbia,5BCEgA
Washington,Cowlitz,5BCEgA
Washington,Douglas,5BCEgA
Washington,Ferry,5BCEgA
Washington,Franklin,5BCEgA
Washington,Garfield,5BCEgA
Washington,Grant,5BCEgA
Washington,Grays Harbor,5BCEgA
Washington,Island,5BCEgA
Washington,Jefferson,5BCEgA
Washington,King,5BCEgA
Washington,Kitsap,5BCEgA
Washington,Kittitas,5BCEgA
Washington,Klickitat,5BCEgA
Washington,Lewis,5BCEgA
Washington,Lincoln,5BCEgA
Washington,Mason,5BCEgA
Washington,Okanogan,5BCEgA
Washington,Pacific,5BCEgA
Washington,Pend Oreille,5BCEgA
Washington,Pierce,5BCEgA
Washington,San Juan,5BCEgA
Washington,Skagit,5BCEgA
Washington,Skamania,5BCEgA
Washington,Snohomish,5BCEgA
Washington,Spokane,5BCEgA
Washington,Stevens,5BCEgA
Washington,Thurston,5BCEgA
Washington,Wahkiakum,5BCEgA
Washington,Walla Walla,5BCEgA
Washington,Whatcom,5BCEgA
Washington,Whitman,5BCEgA
Washington,Yakima,5BCEgA
West Virginia,Barbour,gggggg
West Virginia,Berkeley,gggggg
West Virginia,Boone,gggggg
West Virginia,Braxton,gggggg
West Virginia,Brooke,gggggg
West Virginia,Cabell,gggggg
West Virginia,Calhoun,gggggg
West Virginia,Clay,gggggg
West Virginia,Doddridge,gggggg
West Virginia,Fayette,gggggg
West Virginia,Gilmer,gggggg
West Virginia,Grant,gggggg
West Virginia,Greenbrier,gggggg
West Virginia,Hampshire,gggggg
West Virginia,Hancock,gggggg
West Virginia,Hardy,gggggg
West Virginia,Harrison,gggggg
West Virginia,Jackson,gggggg
West Virginia,Jefferson,gggggg
West Virginia,Kanawha,gggggg
West Virginia,Lewis,gggggg
West Virginia,Lincoln,gggggg
West Virginia,Logan,gggggg
West Virginia,Marion,gggggg
West Virginia,Marshall,gggggg
West Virginia,Mason,gggggg
West Virginia,Mcdowell,gggggg
West Virginia,Mercer,gggggg
West Virginia,Mineral,gggggg
West Virginia,Mingo,gggggg
West Virginia,Monongalia,gggggg
West Virginia,Monroe,gggggg
West Virginia,Morgan,gggggg
West Virginia,Nicholas,gggggg
West Virginia,Ohio,gggggg
West Virginia,Pendleton,gggggg
West Virginia,Pleasants,gggggg
West Virginia,Pocahontas,gggggg
West Virginia,Preston,gggggg
West Virginia,Putnam,gggggg
West Virginia,Raleigh,gggggg
West Virginia,Randolph,gggggg
West Virginia,Ritchie,gggggg
West Virginia,Roane,gggggg
West Virginia,Summers,gggggg
West Virginia,Taylor,gggggg
West Virginia,Tucker,gggggg
West Virginia,Tyler,gggggg
West Virginia,Upshur,gggggg
West Virginia,Wayne,gggggg
West Virginia,Webster,gggggg
West Virginia,Wetzel,gggggg
West Virginia,Wirt,gggggg
West Virginia,Wood,gggggg
West Virginia,Wyoming,gggggg
Wisconsin,Adams,g5A9B8
Wisconsin,Ashland,5BCEgA
Wisconsin,Barron,5BCEgA
Wisconsin,Bayfield,5BCEgA
Wisconsin,Brown,g5A9B8
Wisconsin,Buffalo,g5A9B8
Wisconsin,Burnett,5BCEgA
Wisconsin,Calumet,g5A9B8
Wisconsin,Chippewa,5BCEgA
Wisconsin,Clark,g5A9B8
Wisconsin,Columbia,g5A9B8
Wisconsin,Crawford,g5A9B8
Wisconsin,Dane,g5A9B8
Wisconsin,Dodge,g5A9B8
Wisconsin,Door,5BCEgA
Wisconsin,Douglas,5BCEgA
Wisconsin,Dunn,5BCEgA
Wisconsin,Eau Claire,g5A9B8
Wisconsin,Florence,5BCEgA
Wisconsin,Fond Du Lac,g5A9B8
Wisconsin,Forest,5BCEgA
Wisconsin,Grant,g5A9B8
Wisconsin,Green,g5A9B8
Wisconsin,Green Lake,g5A9B8
Wisconsin,Iowa,g5A9B8
Wisconsin,Iron,5BCEgA
Wisconsin,Jackson,g5A9B8
Wisconsin,Jefferson,g5A9B8
Wisconsin,Juneau,g5A9B8
Wisconsin,Kenosha,g5A9B8
Wisconsin,Kewaunee,g5A9B8
Wisconsin,La Crosse,g5A9B8
Wisconsin,Lafayette,g5A9B8
Wisconsin,Langlade,5BCEgA
Wisconsin,Lincoln,5BCEgA
Wisconsin,Manitowoc,g5A9B8
Wisconsin,Marathon,g5A9B8
Wisconsin,Marinette,5BCEgA
Wisconsin,Marquette,g5A9B8
Wisconsin,Menominee,g5A9B8
Wisconsin,Milwaukee,g5A9B8
Wisconsin,Monroe,g5A9B8
Wisconsin,Oconto,5BCEgA
Wisconsin,Oneida,5BCEgA
Wisconsin,Outagamie,g5A9B8
Wisconsin,Ozaukee,g5A9B8
Wisconsin,Pepin,g5A9B8
Wisconsin,Pierce,g5A9B8
Wisconsin,Polk,5BCEgA
Wisconsin,Portage,g5A9B8
Wisconsin,Price,5BCEgA
Wisconsin,Racine,g5A9B8
Wisconsin,Richland,g5A9B8
Wisconsin,Rock,g5A9B8
Wisconsin,Rusk,5BCEgA
Wisconsin,Sauk,g5A9B8
Wisconsin,Sawyer,5BCEgA
Wisconsin,Shawano,g5A9B8
Wisconsin,Sheboygan,g5A9B8
Wisconsin,St Croix,5BCEgA
Wisconsin,Taylor,5BCEgA
Wisconsin,Trempealeau,g5A9B8
Wisconsin,Vernon,g5A9B8
Wisconsin,Vilas,5BCEgA
Wisconsin,Walworth,g5A9B8
Wisconsin,Washburn,5BCEgA
Wisconsin,Washington,g5A9B8
Wisconsin,Waukesha,g5A9B8
Wisconsin,Waupaca,g5A9B8
Wisconsin,Waushara,g5A9B8
Wisconsin,Winnebago,g5A9B8
Wisconsin,Wood,g5A9B8
Wyoming,Albany,g5A9B8
Wyoming,Big Horn,g5A9B8
Wyoming,Campbell,g5A9B8
Wyoming,Carbon,g5A9B8
Wyoming,Converse,g5A9B8
Wyoming,Crook,g5A9B8
Wyoming,Fremont,g5A9B8
Wyoming,Goshen,g5A9B8
Wyoming,Hot Springs,g5A9B8
Wyoming,Johnson,g5A9B8
Wyoming,Laramie,g5A9B8
Wyoming,Lincoln,g5A9B8
Wyoming,Natrona,g5A9B8
Wyoming,Niobrara,g5A9B8
Wyoming,Park,g5A9B8
Wyoming,Platte,g5A9B8
Wyoming,Sheridan,g5A9B8
Wyoming,Sublette,g5A9B8
Wyoming,Sweetwater,g5A9B8
Wyoming,Teton,g5A9B8
Wyoming,Uinta,g5A9B8
Wyoming,Washakie,g5A9B8
Wyoming,Weston,g5A9B8
